التاريخ,السنة,رقم الشهر,الشهر,سنة-شهر,الربع,رقم اليوم,اليوم,نهاية أسبوع
2023-01-01,2023,1,يناير,2023-01,الربع 1,6,الأحد,يوم عمل
2023-01-02,2023,1,يناير,2023-01,الربع 1,0,الاثنين,يوم عمل
2023-01-03,2023,1,يناير,2023-01,الربع 1,1,الثلاثاء,يوم عمل
2023-01-04,2023,1,يناير,2023-01,الربع 1,2,الأربعاء,يوم عمل
2023-01-05,2023,1,يناير,2023-01,الربع 1,3,الخميس,يوم عمل
2023-01-06,2023,1,يناير,2023-01,الربع 1,4,الجمعة,نهاية الأسبوع
2023-01-07,2023,1,يناير,2023-01,الربع 1,5,السبت,نهاية الأسبوع
2023-01-08,2023,1,يناير,2023-01,الربع 1,6,الأحد,يوم عمل
2023-01-09,2023,1,يناير,2023-01,الربع 1,0,الاثنين,يوم عمل
2023-01-10,2023,1,يناير,2023-01,الربع 1,1,الثلاثاء,يوم عمل
2023-01-11,2023,1,يناير,2023-01,الربع 1,2,الأربعاء,يوم عمل
2023-01-12,2023,1,يناير,2023-01,الربع 1,3,الخميس,يوم عمل
2023-01-13,2023,1,يناير,2023-01,الربع 1,4,الجمعة,نهاية الأسبوع
2023-01-14,2023,1,يناير,2023-01,الربع 1,5,السبت,نهاية الأسبوع
2023-01-15,2023,1,يناير,2023-01,الربع 1,6,الأحد,يوم عمل
2023-01-16,2023,1,يناير,2023-01,الربع 1,0,الاثنين,يوم عمل
2023-01-17,2023,1,يناير,2023-01,الربع 1,1,الثلاثاء,يوم عمل
2023-01-18,2023,1,يناير,2023-01,الربع 1,2,الأربعاء,يوم عمل
2023-01-19,2023,1,يناير,2023-01,الربع 1,3,الخميس,يوم عمل
2023-01-20,2023,1,يناير,2023-01,الربع 1,4,الجمعة,نهاية الأسبوع
2023-01-21,2023,1,يناير,2023-01,الربع 1,5,السبت,نهاية الأسبوع
2023-01-22,2023,1,يناير,2023-01,الربع 1,6,الأحد,يوم عمل
2023-01-23,2023,1,يناير,2023-01,الربع 1,0,الاثنين,يوم عمل
2023-01-24,2023,1,يناير,2023-01,الربع 1,1,الثلاثاء,يوم عمل
2023-01-25,2023,1,يناير,2023-01,الربع 1,2,الأربعاء,يوم عمل
2023-01-26,2023,1,يناير,2023-01,الربع 1,3,الخميس,يوم عمل
2023-01-27,2023,1,يناير,2023-01,الربع 1,4,الجمعة,نهاية الأسبوع
2023-01-28,2023,1,يناير,2023-01,الربع 1,5,السبت,نهاية الأسبوع
2023-01-29,2023,1,يناير,2023-01,الربع 1,6,الأحد,يوم عمل
2023-01-30,2023,1,يناير,2023-01,الربع 1,0,الاثنين,يوم عمل
2023-01-31,2023,1,يناير,2023-01,الربع 1,1,الثلاثاء,يوم عمل
2023-02-01,2023,2,فبراير,2023-02,الربع 1,2,الأربعاء,يوم عمل
2023-02-02,2023,2,فبراير,2023-02,الربع 1,3,الخميس,يوم عمل
2023-02-03,2023,2,فبراير,2023-02,الربع 1,4,الجمعة,نهاية الأسبوع
2023-02-04,2023,2,فبراير,2023-02,الربع 1,5,السبت,نهاية الأسبوع
2023-02-05,2023,2,فبراير,2023-02,الربع 1,6,الأحد,يوم عمل
2023-02-06,2023,2,فبراير,2023-02,الربع 1,0,الاثنين,يوم عمل
2023-02-07,2023,2,فبراير,2023-02,الربع 1,1,الثلاثاء,يوم عمل
2023-02-08,2023,2,فبراير,2023-02,الربع 1,2,الأربعاء,يوم عمل
2023-02-09,2023,2,فبراير,2023-02,الربع 1,3,الخميس,يوم عمل
2023-02-10,2023,2,فبراير,2023-02,الربع 1,4,الجمعة,نهاية الأسبوع
2023-02-11,2023,2,فبراير,2023-02,الربع 1,5,السبت,نهاية الأسبوع
2023-02-12,2023,2,فبراير,2023-02,الربع 1,6,الأحد,يوم عمل
2023-02-13,2023,2,فبراير,2023-02,الربع 1,0,الاثنين,يوم عمل
2023-02-14,2023,2,فبراير,2023-02,الربع 1,1,الثلاثاء,يوم عمل
2023-02-15,2023,2,فبراير,2023-02,الربع 1,2,الأربعاء,يوم عمل
2023-02-16,2023,2,فبراير,2023-02,الربع 1,3,الخميس,يوم عمل
2023-02-17,2023,2,فبراير,2023-02,الربع 1,4,الجمعة,نهاية الأسبوع
2023-02-18,2023,2,فبراير,2023-02,الربع 1,5,السبت,نهاية الأسبوع
2023-02-19,2023,2,فبراير,2023-02,الربع 1,6,الأحد,يوم عمل
2023-02-20,2023,2,فبراير,2023-02,الربع 1,0,الاثنين,يوم عمل
2023-02-21,2023,2,فبراير,2023-02,الربع 1,1,الثلاثاء,يوم عمل
2023-02-22,2023,2,فبراير,2023-02,الربع 1,2,الأربعاء,يوم عمل
2023-02-23,2023,2,فبراير,2023-02,الربع 1,3,الخميس,يوم عمل
2023-02-24,2023,2,فبراير,2023-02,الربع 1,4,الجمعة,نهاية الأسبوع
2023-02-25,2023,2,فبراير,2023-02,الربع 1,5,السبت,نهاية الأسبوع
2023-02-26,2023,2,فبراير,2023-02,الربع 1,6,الأحد,يوم عمل
2023-02-27,2023,2,فبراير,2023-02,الربع 1,0,الاثنين,يوم عمل
2023-02-28,2023,2,فبراير,2023-02,الربع 1,1,الثلاثاء,يوم عمل
2023-03-01,2023,3,مارس,2023-03,الربع 1,2,الأربعاء,يوم عمل
2023-03-02,2023,3,مارس,2023-03,الربع 1,3,الخميس,يوم عمل
2023-03-03,2023,3,مارس,2023-03,الربع 1,4,الجمعة,نهاية الأسبوع
2023-03-04,2023,3,مارس,2023-03,الربع 1,5,السبت,نهاية الأسبوع
2023-03-05,2023,3,مارس,2023-03,الربع 1,6,الأحد,يوم عمل
2023-03-06,2023,3,مارس,2023-03,الربع 1,0,الاثنين,يوم عمل
2023-03-07,2023,3,مارس,2023-03,الربع 1,1,الثلاثاء,يوم عمل
2023-03-08,2023,3,مارس,2023-03,الربع 1,2,الأربعاء,يوم عمل
2023-03-09,2023,3,مارس,2023-03,الربع 1,3,الخميس,يوم عمل
2023-03-10,2023,3,مارس,2023-03,الربع 1,4,الجمعة,نهاية الأسبوع
2023-03-11,2023,3,مارس,2023-03,الربع 1,5,السبت,نهاية الأسبوع
2023-03-12,2023,3,مارس,2023-03,الربع 1,6,الأحد,يوم عمل
2023-03-13,2023,3,مارس,2023-03,الربع 1,0,الاثنين,يوم عمل
2023-03-14,2023,3,مارس,2023-03,الربع 1,1,الثلاثاء,يوم عمل
2023-03-15,2023,3,مارس,2023-03,الربع 1,2,الأربعاء,يوم عمل
2023-03-16,2023,3,مارس,2023-03,الربع 1,3,الخميس,يوم عمل
2023-03-17,2023,3,مارس,2023-03,الربع 1,4,الجمعة,نهاية الأسبوع
2023-03-18,2023,3,مارس,2023-03,الربع 1,5,السبت,نهاية الأسبوع
2023-03-19,2023,3,مارس,2023-03,الربع 1,6,الأحد,يوم عمل
2023-03-20,2023,3,مارس,2023-03,الربع 1,0,الاثنين,يوم عمل
2023-03-21,2023,3,مارس,2023-03,الربع 1,1,الثلاثاء,يوم عمل
2023-03-22,2023,3,مارس,2023-03,الربع 1,2,الأربعاء,يوم عمل
2023-03-23,2023,3,مارس,2023-03,الربع 1,3,الخميس,يوم عمل
2023-03-24,2023,3,مارس,2023-03,الربع 1,4,الجمعة,نهاية الأسبوع
2023-03-25,2023,3,مارس,2023-03,الربع 1,5,السبت,نهاية الأسبوع
2023-03-26,2023,3,مارس,2023-03,الربع 1,6,الأحد,يوم عمل
2023-03-27,2023,3,مارس,2023-03,الربع 1,0,الاثنين,يوم عمل
2023-03-28,2023,3,مارس,2023-03,الربع 1,1,الثلاثاء,يوم عمل
2023-03-29,2023,3,مارس,2023-03,الربع 1,2,الأربعاء,يوم عمل
2023-03-30,2023,3,مارس,2023-03,الربع 1,3,الخميس,يوم عمل
2023-03-31,2023,3,مارس,2023-03,الربع 1,4,الجمعة,نهاية الأسبوع
2023-04-01,2023,4,أبريل,2023-04,الربع 2,5,السبت,نهاية الأسبوع
2023-04-02,2023,4,أبريل,2023-04,الربع 2,6,الأحد,يوم عمل
2023-04-03,2023,4,أبريل,2023-04,الربع 2,0,الاثنين,يوم عمل
2023-04-04,2023,4,أبريل,2023-04,الربع 2,1,الثلاثاء,يوم عمل
2023-04-05,2023,4,أبريل,2023-04,الربع 2,2,الأربعاء,يوم عمل
2023-04-06,2023,4,أبريل,2023-04,الربع 2,3,الخميس,يوم عمل
2023-04-07,2023,4,أبريل,2023-04,الربع 2,4,الجمعة,نهاية الأسبوع
2023-04-08,2023,4,أبريل,2023-04,الربع 2,5,السبت,نهاية الأسبوع
2023-04-09,2023,4,أبريل,2023-04,الربع 2,6,الأحد,يوم عمل
2023-04-10,2023,4,أبريل,2023-04,الربع 2,0,الاثنين,يوم عمل
2023-04-11,2023,4,أبريل,2023-04,الربع 2,1,الثلاثاء,يوم عمل
2023-04-12,2023,4,أبريل,2023-04,الربع 2,2,الأربعاء,يوم عمل
2023-04-13,2023,4,أبريل,2023-04,الربع 2,3,الخميس,يوم عمل
2023-04-14,2023,4,أبريل,2023-04,الربع 2,4,الجمعة,نهاية الأسبوع
2023-04-15,2023,4,أبريل,2023-04,الربع 2,5,السبت,نهاية الأسبوع
2023-04-16,2023,4,أبريل,2023-04,الربع 2,6,الأحد,يوم عمل
2023-04-17,2023,4,أبريل,2023-04,الربع 2,0,الاثنين,يوم عمل
2023-04-18,2023,4,أبريل,2023-04,الربع 2,1,الثلاثاء,يوم عمل
2023-04-19,2023,4,أبريل,2023-04,الربع 2,2,الأربعاء,يوم عمل
2023-04-20,2023,4,أبريل,2023-04,الربع 2,3,الخميس,يوم عمل
2023-04-21,2023,4,أبريل,2023-04,الربع 2,4,الجمعة,نهاية الأسبوع
2023-04-22,2023,4,أبريل,2023-04,الربع 2,5,السبت,نهاية الأسبوع
2023-04-23,2023,4,أبريل,2023-04,الربع 2,6,الأحد,يوم عمل
2023-04-24,2023,4,أبريل,2023-04,الربع 2,0,الاثنين,يوم عمل
2023-04-25,2023,4,أبريل,2023-04,الربع 2,1,الثلاثاء,يوم عمل
2023-04-26,2023,4,أبريل,2023-04,الربع 2,2,الأربعاء,يوم عمل
2023-04-27,2023,4,أبريل,2023-04,الربع 2,3,الخميس,يوم عمل
2023-04-28,2023,4,أبريل,2023-04,الربع 2,4,الجمعة,نهاية الأسبوع
2023-04-29,2023,4,أبريل,2023-04,الربع 2,5,السبت,نهاية الأسبوع
2023-04-30,2023,4,أبريل,2023-04,الربع 2,6,الأحد,يوم عمل
2023-05-01,2023,5,مايو,2023-05,الربع 2,0,الاثنين,يوم عمل
2023-05-02,2023,5,مايو,2023-05,الربع 2,1,الثلاثاء,يوم عمل
2023-05-03,2023,5,مايو,2023-05,الربع 2,2,الأربعاء,يوم عمل
2023-05-04,2023,5,مايو,2023-05,الربع 2,3,الخميس,يوم عمل
2023-05-05,2023,5,مايو,2023-05,الربع 2,4,الجمعة,نهاية الأسبوع
2023-05-06,2023,5,مايو,2023-05,الربع 2,5,السبت,نهاية الأسبوع
2023-05-07,2023,5,مايو,2023-05,الربع 2,6,الأحد,يوم عمل
2023-05-08,2023,5,مايو,2023-05,الربع 2,0,الاثنين,يوم عمل
2023-05-09,2023,5,مايو,2023-05,الربع 2,1,الثلاثاء,يوم عمل
2023-05-10,2023,5,مايو,2023-05,الربع 2,2,الأربعاء,يوم عمل
2023-05-11,2023,5,مايو,2023-05,الربع 2,3,الخميس,يوم عمل
2023-05-12,2023,5,مايو,2023-05,الربع 2,4,الجمعة,نهاية الأسبوع
2023-05-13,2023,5,مايو,2023-05,الربع 2,5,السبت,نهاية الأسبوع
2023-05-14,2023,5,مايو,2023-05,الربع 2,6,الأحد,يوم عمل
2023-05-15,2023,5,مايو,2023-05,الربع 2,0,الاثنين,يوم عمل
2023-05-16,2023,5,مايو,2023-05,الربع 2,1,الثلاثاء,يوم عمل
2023-05-17,2023,5,مايو,2023-05,الربع 2,2,الأربعاء,يوم عمل
2023-05-18,2023,5,مايو,2023-05,الربع 2,3,الخميس,يوم عمل
2023-05-19,2023,5,مايو,2023-05,الربع 2,4,الجمعة,نهاية الأسبوع
2023-05-20,2023,5,مايو,2023-05,الربع 2,5,السبت,نهاية الأسبوع
2023-05-21,2023,5,مايو,2023-05,الربع 2,6,الأحد,يوم عمل
2023-05-22,2023,5,مايو,2023-05,الربع 2,0,الاثنين,يوم عمل
2023-05-23,2023,5,مايو,2023-05,الربع 2,1,الثلاثاء,يوم عمل
2023-05-24,2023,5,مايو,2023-05,الربع 2,2,الأربعاء,يوم عمل
2023-05-25,2023,5,مايو,2023-05,الربع 2,3,الخميس,يوم عمل
2023-05-26,2023,5,مايو,2023-05,الربع 2,4,الجمعة,نهاية الأسبوع
2023-05-27,2023,5,مايو,2023-05,الربع 2,5,السبت,نهاية الأسبوع
2023-05-28,2023,5,مايو,2023-05,الربع 2,6,الأحد,يوم عمل
2023-05-29,2023,5,مايو,2023-05,الربع 2,0,الاثنين,يوم عمل
2023-05-30,2023,5,مايو,2023-05,الربع 2,1,الثلاثاء,يوم عمل
2023-05-31,2023,5,مايو,2023-05,الربع 2,2,الأربعاء,يوم عمل
2023-06-01,2023,6,يونيو,2023-06,الربع 2,3,الخميس,يوم عمل
2023-06-02,2023,6,يونيو,2023-06,الربع 2,4,الجمعة,نهاية الأسبوع
2023-06-03,2023,6,يونيو,2023-06,الربع 2,5,السبت,نهاية الأسبوع
2023-06-04,2023,6,يونيو,2023-06,الربع 2,6,الأحد,يوم عمل
2023-06-05,2023,6,يونيو,2023-06,الربع 2,0,الاثنين,يوم عمل
2023-06-06,2023,6,يونيو,2023-06,الربع 2,1,الثلاثاء,يوم عمل
2023-06-07,2023,6,يونيو,2023-06,الربع 2,2,الأربعاء,يوم عمل
2023-06-08,2023,6,يونيو,2023-06,الربع 2,3,الخميس,يوم عمل
2023-06-09,2023,6,يونيو,2023-06,الربع 2,4,الجمعة,نهاية الأسبوع
2023-06-10,2023,6,يونيو,2023-06,الربع 2,5,السبت,نهاية الأسبوع
2023-06-11,2023,6,يونيو,2023-06,الربع 2,6,الأحد,يوم عمل
2023-06-12,2023,6,يونيو,2023-06,الربع 2,0,الاثنين,يوم عمل
2023-06-13,2023,6,يونيو,2023-06,الربع 2,1,الثلاثاء,يوم عمل
2023-06-14,2023,6,يونيو,2023-06,الربع 2,2,الأربعاء,يوم عمل
2023-06-15,2023,6,يونيو,2023-06,الربع 2,3,الخميس,يوم عمل
2023-06-16,2023,6,يونيو,2023-06,الربع 2,4,الجمعة,نهاية الأسبوع
2023-06-17,2023,6,يونيو,2023-06,الربع 2,5,السبت,نهاية الأسبوع
2023-06-18,2023,6,يونيو,2023-06,الربع 2,6,الأحد,يوم عمل
2023-06-19,2023,6,يونيو,2023-06,الربع 2,0,الاثنين,يوم عمل
2023-06-20,2023,6,يونيو,2023-06,الربع 2,1,الثلاثاء,يوم عمل
2023-06-21,2023,6,يونيو,2023-06,الربع 2,2,الأربعاء,يوم عمل
2023-06-22,2023,6,يونيو,2023-06,الربع 2,3,الخميس,يوم عمل
2023-06-23,2023,6,يونيو,2023-06,الربع 2,4,الجمعة,نهاية الأسبوع
2023-06-24,2023,6,يونيو,2023-06,الربع 2,5,السبت,نهاية الأسبوع
2023-06-25,2023,6,يونيو,2023-06,الربع 2,6,الأحد,يوم عمل
2023-06-26,2023,6,يونيو,2023-06,الربع 2,0,الاثنين,يوم عمل
2023-06-27,2023,6,يونيو,2023-06,الربع 2,1,الثلاثاء,يوم عمل
2023-06-28,2023,6,يونيو,2023-06,الربع 2,2,الأربعاء,يوم عمل
2023-06-29,2023,6,يونيو,2023-06,الربع 2,3,الخميس,يوم عمل
2023-06-30,2023,6,يونيو,2023-06,الربع 2,4,الجمعة,نهاية الأسبوع
