كود الايزيك,النشاط الاقتصادي,رقم النشاط التفصيلي,اسم النشاط التفصيلي
561010,المطاعم مع الخدمة,1319,المطاعم مع الخدمة
107110,صناعة الخبز البلدي المحلي,40,مخبز تميس
562112,متعهدي الاعاشة بالحج والعمرة,1346,متعهدي الاعاشة بالحج والعمرة
561092,محلات شوي الأسماك والمأكولات البحرية,1767,محلات شوي الأسماك والمأكولات البحرية
563014,محلات البوظة  الأيسكريم,1771,محلات البوظة الأيسكريم
561031,أنشطة الوجبات السريعة   يشمل  محلات البيتزا,1764,أنشطة الوجبات السريعة  يشمل محلات البيتزا
471132,التموينات,527,التموينات
471131,البقالات,526,محلات البقالة
477262,البيع بالتجزئة للعطور,656,بيع عطورات وأدوات تجميل بالتجزئة
472161,البيع بالتجزئة لمنتجات المخابز والحلويات السكرية,1668,البيع بالتجزئة لمنتجات المخابز والحلويات السكرية
960220,الصالونات الرجالية,1888,الصالونات الرجالية
472170,البيع بالتجزئة للمكسرات والبن والتوابل والعطارة,1292,البيع بالتجزئة للمكسرات والبن والتوابل والعطارة
463076,البيع بالجملة للأغذية والمشروبات,1611,البيع بالجملة للأغذية والمشروبات
472112,البيع بالتجزئة للتمور,837426,البيع بالتجزئة للتمور
432240,تركيب انظمة التبريد وتكييف الهواء وصيانتها واصلاحها,1564,تركيب انظمة التبريد وتكييف الهواء وصيانتها واصلاحها
561021,البوفيهات  الكافيتريات,1763,البوفيهات  الكافيتريات
452081,صيانة واصلاح وتبديل اطارات السيارات الخفيفة  البنشر,1595,صيانة واصلاح وتبديل اطارات السيارات الخفيفة البنشر
563011,محلات تقديم المشروبات الكوفي شوب,1770,محلات تقديم المشروبات الكوفي شوب
472111,البيع بالتجزئة للفواكه والخضروات الطازجة والمحفوظة,1661,البيع بالتجزئة للفواكه والخضروات الطازجة والمحفوظة
960110,غسل وكي والتنظيف الجاف لشتى أنواع الملابس بما فيها الفراء والمنسوجات وتشمل جمع وتوزيع الغسيل,859399,المتاجر المغلقة لغسل وكي والتنظيف الجاف لشتى أنواع الملابس بما فيها الفراء والمنسوجات وتشمل جمع وتوزيع الغسيل
463013,البيع بالجملة للتمور,1612,البيع بالجملة للتمور
551011,الفنادق,1758,الفنادق
563020,تقديم العصائر الطازجة و المشروبات الباردة,1772,تقديم العصائر الطازجة و المشروبات الباردة
477114,البيع بالتجزئة للملابس الجاهزة للمحلات المشتركة,1705,البيع بالتجزئة للملابس الجاهزة للمحلات المشتركة
477130,البيع بالتجزئة للكماليات وللإكسسوارات الملابس يشمل القفازات وأربطة العنق والحمالات والسبح والمظلات,855490,البيع بالتجزئة للكماليات وللإكسسوارات الملابس يشمل القفازات وأربطة العنق والحمالات والسبح والمظلات داخل محلات الخياطة
478100,بيع الأغذية والمشروبات بالتجزئة في الأكشاك والأسواق,852855,بيع الأغذية والمشروبات بالتجزئة في الأكشاك والأسواق
107120,صناعة الخبز ومنتجاته بواسطة المخابز الآلية,42,مخبز نصف آلي
477112,البيع بالتجزئة للملابس الجاهزة النسائية,634,البيع بالتجزئة للملابس الجاهزة النسائية
472121,البيع بالتجزئة لمنتجات الألبان والبيض والزيتون والمخللات,525,بيع ألبان طازجة ومشتقاتها
471121,الأسواق المركزية للمواد الغذائية والاستهلاكية,1658,الأسواق المركزية للمواد الغذائية والاستهلاكية
562111,مطابخ إعداد الولائم والحفلات,1768,مطابخ إعداد الولائم للحفلات
461032,أنشطة الاستيراد,435,مكتب استيراد وتسويق المواشي
475250,البيع بالتجزئة للأدوات الكهربائية وتمديداتها,1686,البيع بالتجزئة للأدوات الكهربائية وتمديداتها
259371,صناعة الأقفال وتشكيل المفاتيح,208,نسخ وإصلاح المفاتيح
452021,اصلاح ميكانيكا وكهرباء السيارات,1582,اصلاح ميكانيكا وكهرباء السيارات
477361,البيع بالتجزئة للاعمال والمشغولات اليدوية والتحف والهدايا,1726,البيع بالتجزئة للاعمال والمشغولات اليدوية والتحف والهدايا
472130,البيع بالتجزئة للحوم ومنتجات اللحوم,1665,البيع بالتجزئة للحوم ومنتجات اللحوم
463055,البيع بالجملة للعسل,1614,البيع بالجملة للعسل
477230,البيع بالتجزئة لمستحضرات التجميل وصابون الزينة,1710,البيع بالتجزئة لمستحضرات التجميل وصابون الزينة
463022,البيع بالجملة للبيض ومنتجاته,849751,البيع بالجملة للبيض ومنتجاته
477122,البيع بالتجزئة لأصناف العبايات النسائية والفراء,834504,البيع بالتجزئة لأصناف العبايات النسائية والفراء
463053,البيع بالجملة لمنتجات القهوة والشاي,849718,البيع بالجملة لمنتجات القهوة والشاي
474110,البيع بالتجزئة للحواسيب وملحقاتها  يشمل الطابعات وأحبارها,1674,البيع بالتجزئة للحواسيب وملحقاتها  يشمل الطابعات وأحبارها
141060,تفصيل وخياطة الملابس النسائية  محلات تفصيل الملابس النسائية مثل المشاغل النسائية,1442,تفصيل وخياطة الملابس النسائية محلات تفصيل الملابس النسائية مثل المشاغل النسائية
141040,تفصيل وخياطة وحياكة الملابس الرجالية العربية  محلات تفصيل وخياطة الملابس الرجالية,1441,تفصيل وخياطة وحياكة الملابس الرجالية العربية محلات تفصيل وخياطة الملابس الرجالية
960230,صالونات الأطفال,1889,صالونات الأطفال
463060,البيع بالجملة لمنتجات المخابز,849758,البيع بالجملة لمنتجات المخابز
452014,إصلاح الكترونيات السيارات,1580,إصلاح الكترونيات السيارات
463041,البيع بالجملة للحوم ومنتجاتها,849716,البيع بالجملة للحوم ومنتجاتها
952910,إصلاح الدراجات الهوائية,1125,إصلاح الدراجات الهوائية
463071,البيع بالجملة للمياه المعبأة بأنواعها,1615,البيع بالجملة للمياه المعبأة بأنواعها
472300,بيع منتجات التبغ بالتجزئة في المتاجر المتخصصة وبيع المعسل والجراك,1671,بيع منتجات التبغ بالتجزئة في المتاجر المتخصصة وبيع المعسل والجراك
477352,البيع بالتجزئة للزهور والورود,690,بيع زهور ونباتات طبيعية بالتجزئة
475110,البيع بالتجزئة للمنسوجات والاقمشة بأنواعها الملبوسة,1678,البيع بالتجزئة للمنسوجات والاقمشة بأنواعها الملبوسة
472141,البيع بالتجزئة للدواجن والبيض,1666,البيع بالتجزئة للدواجن والبيض
310042,تفصيل الحشايا  المراتب بمختلف أنواعها,849824,تفصيل الحشايا  المراتب بمختلف أنواعها
477211,الصيدليات,1708,الصيدليات
562903,تشغيل المقاصف والكفتيريات على أساس إمتياز محدد  يشمل  المقاصف والكفتيريات في المصانع والمكاتب والمستشفيات والمدارس  الخ,773845,تشغيل المقاصف والكفتيريات على أساس امتياز محدد
960210,الصالونات النسائية,1335,الصالونات النسائية
472200,بيع المشروبات بالتجزئة في المتاجر المتخصصة,855250,بيع المشروبات بالتجزئة في المتاجر المتخصصة
452023,أنشطة مراكز خدمات وصيانة السيارات,1584,أنشطة مراكز خدمات وصيانة السيارات
106116,مطاحن الحبوب,34,مطاحن الحبوب
951110,إصلاح وصيانة الحواسيب الشخصية والمحمولة  بجميع أنواعها,1879,إصلاح وصيانة الحواسيب الشخصية والمحمولة بجميع أنواعها
433022,تركيب الابواب والشبابيك وإطارات الابواب الشرشوب والدربزينات والسلالم والمطابخ الالمونيوم,813065,تركيب الابواب والشبابيك وإطارات الابواب  الشرشوب والدربزينات والسلالم والمطابخ الالمونيوم
432911,تركيب وصيانة المصاعد,340,بيع المصاعد الكهربائية وصيانتها
475940,البيع بالتجزئة للثريات والنجف والسلع المستخدمة في الإضاءة ومستلزماتها,1695,البيع بالتجزئة للثريات والنجف والسلع المستخدمة في الإضاءة ومستلزماتها
452052,تلميع السيارات البوليش,389,تلميع السيارات البوليش
477116,البيع بالتجزئة للملابس الرياضية,1199,البيع بالتجزئة للملابس الرياضية
463044,البيع بالجملة للحوم والدواجن المجمدة,849717,البيع بالجملة للحوم والدواجن المجمدة
473010,البيع بالتجزئة لوقود السيارات والدراجات النارية محطات الوقود,572,محطة وقود متوسطة ب
781014,أنشطة الخدمات العامة,1831,أنشطة الخدمات العامة
742011,أنشطة التصوير الفوتوغرافي,1816,انشطة التصوير الفوتوغرافي
562901,أنشطة المتعهدين الذين يقدمون خدمات الطعام,1769,أنشطة المتعهدين الذين يقدمون خدمات الطعام
463011,البيع بالجملة للفواكه,849748,البيع بالجملة للفواكه
475930,البيع بالتجزئة للادوات المنزلية والمشغولات اليدوية المتنوعة  أدوات القطع والخزفيات والأواني الزجاجيه والفخارية الخ,1694,البيع بالتجزئة للادوات المنزلية والمشغولات اليدويةالمتنوعة أدوات القطع والخزفيات والأواني الزجاجيه والفخارية الخ
475240,البيع بالتجزئة للأدوات الصحية وتمديداتها مثل المغاسل الكراسي المغاطس  الخ  وأجهزة حمامات السونا,1685,البيع بالتجزئة للأدوات الصحية وتمديداتها مثل  المغاسل الكراسي المغاطس الخ وأجهزة حمامات السونا
453011,البيع بالجملة والتجزئة لقطع الغيار الجديده للسيارات وتوابعها وتشمل زينة السيارات,1597,البيع بالجملة والتجزئة لقطع الغيار الجديده للسيارات وتوابعها وتشمل زينة السيارات
732000,أبحاث السوق واستطلاعات الرأى,1814,أبحاث السوق واستطلاعات الرأى
477332,البيع بالتجزئة للمعادن الثمينة و الاحجار الكريمة,770762,البيع بالتجزئة للمعادن الثمينة والأحجار الكريمة
475310,البيع بالتجزئة للسجاد والبسط,1692,البيع بالتجزئة للسجاد والبسط
475220,البيع بالتجزئة لالواح الزجاج,1684,البيع بالتجزئة لالواح الزجاج
477321,البيع بالتجزئة لمعدات فحص النظر محلات النظارات,1717,البيع بالتجزئة لمعدات فحص النظر  محلات النظارات
477111,البيع بالتجزئة للملابس الجاهزة الرجالية,1197,البيع بالتجزئة للملابس الجاهزة الرجالية
477140,البيع بالتجزئة للأحذية,646,البيع بالتجزئة للأحذية
452041,تبديل الزيوت,383,بنشر وغيار زيت
791101,أنشطة وكالات السياحة والسفر,1832,انشطة وكالات السياحة السفر
466333,البيع بالجملة للطابوق والبلك والبلاط والحجر والرخام والسيراميك والبورسلان,1649,االبيع بالجملة للطابوق والبلاط  والسيراميك والرخام والبلك
465101,البيع بالجملة للحواسيب ومستلزماتها يشمل بيع الطابعات وأحبارها,1636,البيع بالجملة للحواسيب ومستلزماتها يشمل بيع الطابعات وأحبارها
433030,تركيب الاسقف الداخلية والحواجز وتلبيس الجدران بالاخشاب,1570,تركيب الاسقف الداخلية والحواجز وتلبيس الجدران بالاخشاب
464921,البيع بالجملة للأجهزة الالكترونية والكهربائية المنزلية,774012,البيع بالجملة للأجهزة الالكترونية والكهربائية المنزلية
310041,تنجيد الأثاث,231,تنجيد الأثاث
452051,غسيل  وتشحيم السيارات,1588,غسيل  وتشحيم السيارات
201310,صناعة البلاستيك اللدائن  في أشكالها الأولية,1458,صناعة البلاستيك   اللدائن   في أشكالها الأولية
141011,صناعة الملابس الرجالية الجاهزة مثل الثياب الجاهزة والبدل والمعاطف والبنطلونات,1437,صناعة الملابس الرجالية الجاهزة مثل الثياب الجاهزة والبدل والمعاطف والبنطلونات
472150,البيع بالتجزئة للأسماك وغيرها من المأكولات البحرية ومنتجاتها,1667,البيع بالتجزئة للأسماك وغيرها من المأكولات البحرية ومنتجاتها
475281,البيع بالتجزئة لمواد البناء  يشمل الأسمنت  البلك  الجبس  البلاط الأسمنتي  الخ,607,بيع مواد بناء  بالتجزئة المحلات
477367,بيع الكماليات وبيع الخناجر والفضيات,834520,بيع الكماليات وبيع الخناجر والفضيات
452022,اصلاح ميكانيكا وكهرباء وسمكرة ودهان السيارات,1583,اصلاح ميكانيكا وكهرباء وسمكرة ودهان السيارات
475320,البيع بالتجزئة للستائر الجاهزة والناموسيات,834489,البيع بالتجزئة للستائر الجاهزة والناموسيات
452061,اصلاح الراديترات,1589,اصلاح الراديترات
476123,البيع بالتجزئة للقرطاسية والادوات المكتبية والجرائد والمجلات  المكتبات,1699,البيع بالتجزئة للقرطاسية والادوات المكتبية والجرائد والمجلات  المكتبات
439050,تأجير معدات التشييد والبناء مع مشغل,356,تأجير معدات وادوات بناء
829202,أنشطة تغليف الأثاث,834564,أنشطة تغليف الأثاث
472192,تجارة الأغذية الخاصة والصحية,1670,تجارة الأغذية الخاصة والصحية
107160,صناعة خبز الأكلات الشعبية ورقائق المعجنات النيئة وتشمل المتاي,1420,صناعة خبز الأكلات الشعبية ورقائق المعجنات النيئة وتشمل المتاي
475210,البيع بالتجزئة للخرداوات المعدنية وعدد وادوات النجارة والحدادة,1691,البيع بالتجزئة لأصناف أخرى خاصة بتجارة التجزئة في الخردوات المعدنية والدهانات ومواد الإنشاءات  يشمل  أبواب الكراجات وغيرها
463052,البيع بالجملة للشوكلاته والكاكاو,1613,البيع بالجملة والتجزئة للشوكلاته والكاكاو
477331,البيع بالتجزئة للساعات بأنواعها,1719,البيع بالتجزئة للساعات بأنواعها
477222,البيع بالتجزئة للأجهزة والمعدات والمستلزمات الطبية,851782,البيع بالتجزئة للأجهزة والمعدات والمستلزمات الطبية
464152,البيع بالجملة للملابس النسائية,1214,البيع بالجملة للملابس النسائية
477372,البيع بالتجزئة لوقود غاز الاسطوانات,1729,البيع بالتجزئة لوقود غاز الاسطوانات
477261,البيع بالتجزئة للعود والبخور,837440,البيع بالتجزئة للعود والبخور
475160,البيع بالتجزئة للبطانيات والشراشف والبياضات والمفارش,1682,البيع بالتجزئة للبطانيات والشراشف والبياضات والمفارش
452013,إصلاح كهرباء  السيارات,372,كهربائي سيارات
451014,البيع بالجملة والتجزئة لسيارات النقل الثقيل المستعملة  تريلات وهاف لوري,1369,البيع بالجملة والتجزئة لسيارات النقل الثقيل المستعملة تريلات وهاف لوري
682020,أنشطة ادارة العقارات مقابل عمولة,902,مكتب عقاري
475260,البيع بالتجزئة لمنتجات الديكور والاسقف الصناعية والمواد العازلة ومواد البناء,1687,البيع بالتجزئة لمنتجات الديكور والاسقف الصناعية والمواد العازلة ومواد البناء
474130,البيع بالتجزئة لأجهزة الهواتف النقالة,1676,البيع بالتجزئة لأجهزة الهواتف النقالة
107182,إعداد وتجهيز الحلويات,856169,إعداد وتجهيز الحلويات
463072,البيع بالجملة للمياه الغازية والعصائر,849759,البيع بالجملة للمياه الغازية والعصائر
681021,إدارة وتاجير العقارات المملوكة أو المؤجرة سكنية,855275,إدارة وتاجير العقارات المملوكة أو المؤجرة  سكنية
452043,ميزان السيارات,384,ميزان السيارات
952100,إصلاح الأجهزة الإلكترونية الاستهلاكية,1882,إصلاح الأجهزة الإلكترونية الاستهلاكية
463042,البيع بالجملة لمنتجات اللحوم,849754,البيع بالجملة لمنتجات اللحوم
771010,تأجير سيارات ركاب بدون سائق,1823,تأجير سيارات ركاب بدون سائق
477382,بيع وتركيب حمامات السباحة الجاهزة بالتجزئة,1731,بيع وتركيب حمامات السباحة الجاهزة بالتجزئة
472191,تجارة الحلوى تشمل  الحلوى العمانية والبحرينية,856130,تجارة الحلوى  تشمل الحلوى العمانية والبحرينية
561040,أنشطة تقديم الوجبات فقط تناول الوجبة خارج المحل,856131,أنشطة تقديم الوجبات فقط تناول الوجبة خارج المحل
461024,المعارض الدائمة لمنتجات المصانع,854447,المعارض الدائمة لمنتجات المصانع
331412,اصلاح وصيانة المحركات والمولدات الكهربائية وأجهزة التوليد البخارية,1533,اصلاح وصيانة المحركات والمولدات الكهربائية وأجهزة التوليد البخارية
463077,مراكز التوزيع للأغذية والمشروبات,853699,مراكز التوزيع للأغذية والمشروبات
731011,مؤسسات ووكالات الدعاية والاعلان,1811,مؤسسات ووكالات الدعاية والاعلان
477113,البيع بالتجزئة للملابس الجاهزة للأطفال,1198,البيع بالتجزئة للملابس الجاهزة للأطفال
466340,البيع بالجملة للأدوات الصحية وتمديداتها وسخانات وصهاريج المياه,849773,البيع بالجملة للأدوات الصحية وتمديداتها وسخانات وصهاريج المياه
477392,البيع بالتجزئة لمواد التنظيف,1735,البيع بالتجزئة لمواد التنظيف
711013,أنشطة الاستشارات الهندسية والمعمارية,855369,أنشطة الاستشارات الهندسية والمعمارية داخل حاضنات الاعمال فئة أ
475922,البيع بالتجزئة للأجهزة المنزلية,1693,البيع بالتجزئة للأجهزة المنزلية
561060,سيارة متجولة لبيع الأغذية,858297,مقطورة متجولة لبيع الأغذية
829201,أنشطة تغليف الأمتعة,1951,أنشطة تغليف الأمتعة
477341,البيع بالتجزئة للحيوانات المنزلية وأطعمتها وأسماك الزينة ومستلزماتها,1721,البيع بالتجزئة للحيوانات المنزلية وأطعمتها وأسماك الزينة ومستلزماتها
472162,البيع بالتجزئة للشوكولاتة و الكاكاو,837414,البيع بالتجزئة للشوكولاتة و الكاكاو
477387,بيع وتركيب معدات الفنادق والمطاعم والمطابخ والمغاسل الاتوماتيكية بالتجزئة,1231,بيع وتركيب معدات الفنادق والمطاعم والمطابخ والمغاسل الاتوماتيكية بالتجزئة
451021,وكلاء بيع السيارات الخفيفة بالعمولة,1577,وكلاء بيع السيارات الخفيفة
410010,الإنشاءات العامة للمباني السكنية,1370,الإنشاءات العامة للمباني السكنية
410040,ترميمات المباني السكنية والغير سكنية,311,شركة مقاولات عامة
432950,تركيب وإصلاح وصيانة أنظمة العوازل الحرارية والمائية,343,تركيب صيانة عازل مائي وحراري
476110,البيع بالتجزئة للكتب والمجلات والصحف والوسائل التعليمية المساعدة,770736,البيع بالتجزئة للكتب والمجلات والصحف والوسائل التعليمية المساعدة
772120,إيجار وتأجير الدراجات الهوائية,773467,إيجار وتأجير الدراجات الهوائية
464998,البيع بالجملة للسجاد والموكيت,1635,البيع بالجملة للسجاد والموكيت
772904,تأجير لوازم المناسبات خيم المناسبات  كوش الافراح  وغيرها,1826,تأجير لوازم المناسبات خيم المناسبات كوش الافراح وغيرها
469040,البيع بالجملة للهدايا والكماليات,1657,البيع بالجملة للهدايا والكماليات
474140,البيع بالتجزئة في اكسسوارات الهواتف النقالة,581,بيع مستلزمات إكسسوارات  الهواتف المحمولة
475120,البيع بالتجزئة للمنسوجات والاقمشة بأنواعها غير الملبوسات مثل الستائر,1679,البيع بالتجزئة للمنسوجات والاقمشة بأنواعها غيرالملبوسات مثل الستائر
619015,أنشطة إعادة بيع خدمات الإتصالات الموزعين,1781,أنشطة إعادة بيع خدمات الإتصالات الموزعين
477365,بيع الحلي الاصطناعية,834517,بيع الحلي الاصطناعية
476410,بيع الألعاب واللعب بالتجزئة في المتاجر المتخصصة,1704,بيع الألعاب واللعب بالتجزئة في المتاجر المتخصصة
521025,مخازن المستحضرات الصيدلانية,1709,أنشطة مستودعات الادوية
952410,إصلاح وترميم وتركيب المفروشات المنزلية بما فيها الأثاث المكتبي,1256,إصلاح وترميم وتركيب المفروشات المنزلية بما فيها الأثاث المكتبي
931212,صالات البولنغ,1090,صالات البولنغ
259230,خراطة المعادن,1493,خراطة المعادن
951220,إصلاح وصيانة أجهزة الهواتف المحمولة الجوال,1881,إصلاح وصيانة أجهزة الهواتف المحمولة الجوال
271040,إعادة لف القلب المغناطيسي للمولدات والمحركات والمحولات الكهربائية,849809,إعادة لف القلب المغناطيسي للمولدات والمحركات والمحولات الكهربائية
475910,البيع بالتجزئة للأثاث المنزلي,615,البيع بالتجزئة للأثاث المنزلي
464992,البيع بالجملة للدراجات الهوائية وقطع الغيار والاكسسوارات,1632,البيع بالجملة للدراجات الهوائية وقطع الغيار والاكسسوارات
433021,تركيب الابواب والشبابيك وإطارات الابواب  الشرشوب والدربزينات والسلالم والمطابخ الخشبية,1569,الابواب والشبابيك والشرشوب إطارات الابواب والدربزينات والسلالم والمطابخ الخشبية
162250,أعمال ورش النجارة بشكل عام,1450,أعمال ورش النجارة بشكل عام
453032,البيع بالجملة والتجزئة لقطع الغيار الشاحنات والنقل الثقيل,1334,البيع بالجملة والتجزئة لقطع الغيار  الشاحنات والنقل الثقيل
476313,البيع بالتجزئة للقوارب والدراجات الهوائية وغيرها,1702,البيع بالتجزئة للقوارب والدراجات الهوائية وغيرها
464963,البيع بالجملة للكروت مسبقة الدفع,1974,البيع بالجملة للكروت مسبقة الدفع
452063,إصلاح مقاعد السيارات,1591,إصلاح مقاعد السيارات
461030,أنشطة التصدير والاستيراد,434,استيراد وتجارة الاواني المنزلية
465203,البيع بالجملة لأجهزة الهواتف ومعدات الاتصال,1638,البيع بالجملة لأجهزة الهواتف ومعدات الاتصال
410021,الانشاءات العامة للمباني غير السكنية  مثل المدارس والمستشفيات والفنادق  الخ,1547,الانشاءات العامة للمباني غير السكنية مثل المدارس والمستشفيات والفنادق الخ
475923,البيع بالتجزئة لأجهزة الاستقبال التلفزيوني,1779,خدمات الاشتراكات في القنوات الفضائية
869026,مراكز التغذية,1348,مراكز التغذية
464912,البيع بالجملة للأثاث المنزلي والموبيليا,1625,البيع بالجملة للأثاث المنزلي والموبيليا
464155,البيع بالجملة للملابس الرياضية,1621,البيع بالجملة للملابس الرياضية
451011,البيع بالجملة والتجزئة للسيارات الخاصة الجديدة يشمل سيارات الإسعاف والباصات الصغيرة والدفع الرباعي,1576,البيع بالجملة والتجزئة للسيارات الخاصة الجديدة يشمل  سيارات الإسعاف والباصات الصغيرة والدفع الرباعي
465940,البيع بالجملة للأسلاك والمفاتيح الكهربائية ومعدات التوصيل,1642,البيع بالجملة للأسلاك والمفاتيح الكهربائية ومعدات التوصيل الاخرى المستخدمة
829903,أنشطة تعقيب المعاملات,809166,أنشطة تعقيب المعاملات
452053,تركيب عزل حراري لزجاج السيارات,418,بيع وتركيب عزل حراري لزجاج السيارات
475140,البيع بالتجزئة لمستلزمات الخياطة والحياكة الكلف,1680,البيع بالتجزئة لمستلزمات الخياطة والحياكة الكلف
612011,تقديم خدمات الاتصالات المتنقلة,1967,تقديم خدمات الاتصالات المتنقلة
452065,إصلاح محاور وفرامل السيارات,1593,إصلاح محاور وفرامل السيارات
452011,اصلاح ماكينات السيارات,1578,اصلاح ماكينات السيارات
821902,أنشطة النسخ والتصوير,1697,أنشطة النسخ والتصوير
682010,أنشطة وكلاء السماسرة  مكاتب الدلالين,813005,أنشطة وكلاء السماسرة   مكاتب الدلالين
477344,البيع بالتجزئة لقطع غيار المعدات والآلات الصناعية,1356,البيع بالتجزئة لقطع غيار المعدات والآلات الصناعية
461015,وكلاء البيع في الأغذية والمشروبات,1604,وكلاء البيع في الأغذية والمشروبات
453020,البيع بالجملة والتجزئة لاطارات السيارات وتوابعها,1599,البيع بالجملة والتجزئة لاطارات السيارات وتوابعها
477240,بيع الأدوية البيطرية تشمل معدات بيطرية,1711,بيع الأدوية البيطرية  تشمل معدات بيطرية
521093,المخازن العامة التي تضم مجموعة متنوعة من السلع,1326,المخازن العامة التي تضم مجموعة متنوعة من السلع
477315,بيع معدات ضخ المياه,1715,بيع معدات ضخ المياه
422031,تمديدات خطوط المياه بين المدن وداخلها وإنشاء شبكات جديدة وصيانتها,856029,تمديدات خطوط المياه بين المدن وداخلها وإنشاء شبكات جديدة وصيانتها
452082,صيانة واصلاح وتبديل اطارات السيارات الثقيلة  البنشر,1596,صيانة واصلاح وتبديل اطارات السيارات الثقيلة البنشر
475921,البيع بالتجزئة للأجهزة الالكترونية والكهربائية المنزلية,834458,البيع بالتجزئة للأجهزة الالكترونية والكهربائية المنزلية
463054,البيع بالجملة للبهارات,849757,البيع بالجملة للبهارات
862063,المجمعات الطبية العامة,1069,مجمع عيادات أهلي
466930,البيع بالجملة للصابون والمنظفات,1655,البيع بالجملة للصابون والمنظفات
433061,أعمال وتركيب الديكورات المختلفة,1387,أعمال وتركيب الديكورات المختلفة
532012,نقل الطرود محلي ودولي,852139,نقل الطرود  محلي ودولي
463012,البيع بالجملة للخضراوات,849749,البيع بالجملة للخضراوات
521098,مخازن المواد الغذائية الجافة,766,مستودع منتجات غذائية
251151,ورش الحدادة,198,ورش الحدادة
452062,اصلاح عوادم السيارات,1590,اصلاح عوادم السيارات
432260,تركيب وتمديد انابيب تكييف الهواء وصيانتها واصلاحها,813042,تركيب وتمديد انابيب تكييف الهواء وصيانتها واصلاحها
960120,غسل الموكيت والسجاد والستائر وغيرها سواء غسلت في مكان الزبون أو في مكان آخر,1887,غسل الموكيت والسجاد والستائر وغيرها سواء غسلت في مكان الزبون أو في مكان آخر
465211,البيع بالجملة في اكسسوارات الهواتف النقالة,849768,البيع بالجملة في اكسسوارات الهواتف النقالة
472122,البيع بالتجزئة للعسل,837427,البيع بالتجزئة للعسل
475230,البيع بالتجزئة للأصباغ والطلاء والورنيش والمواد اللاصقة,409,بيع دهانات سيارات
862040,المجمعات الطبية المتخصصة,851612,مجمع طبي متخصص
521012,خدمات شحن وتفريق السلع بصفة عامة,813036,خدمات شحن وتفريق السلع بصفة عامة
453031,البيع بالجملة والتجزئة لبطاريات المركبات والشمعات وتوابعها,1600,البيع بالجملة والتجزئة لبطاريات المركبات والشمعات وتوابعها
731030,تركيب وتجميع لوحات النيون,1813,تركيب وتجميع لوحات النيون
432132,تركيب وصيانة أجهزة ومعدات الإنذار من الحريق,1562,تركيب وصيانة أجهزة ومعدات الإنذار من الحريق
464112,البيع بالجملة للمنسوجات والأقمشة بأنواعها غيرالملبوسات,849762,البيع بالجملة للمنسوجات والأقمشة بأنواعها غيرالملبوسات
851010,التعليم في مرحلة ما قبل المدرسة  رياض الأطفال بمنهج وطني,1846,التعليم في مرحلة ما قبل المدرسة رياض الأطفال
464150,البيع بالجملة للملابس الجاهزة,849763,البيع بالجملة للملابس الجاهزة
773012,تاجير المعدات ذات المحركات,1827,تاجير المعدات ذات المحركات
452070,اصلاح وتركيب زجاج السيارات,1594,اصلاح وتركيب زجاج السيارات
464931,البيع بالجملة للنجف وأصناف الإضاءة,1627,البيع بالجملة للنجف وأصناف الإضاءة
463073,البيع بالجملة لمنتجات التبغ وتشمل مستلزمات الشيشة والجراك,852743,البيع بالجملة لمنتجات التبغ وتشمل مستلزمات الشيشة والجراك
463021,البيع بالجملة لمنتجات الألبان,849750,البيع بالجملة لمنتجات الألبان
476315,البيع بالتجزئة للوازم الرحلات والصيد,834460,البيع بالتجزئة للوازم الرحلات والصيد
464940,البيع بالجملة للاواني المنزلية وملحقات الموائد,1628,البيع بالجملة للاواني المنزلية وملحقات الموائد
478200,بيع المنسوجات والملبوسات والأحذية بالتجزئة في الأكشاك والأسواق,852856,بيع المنسوجات والملبوسات والأحذية بالتجزئة في الأكشاك والأسواق
477152,البيع بالتجزئة للحقائب,1707,البيع بالتجزئة للحقائب
471930,مجمعات تجارية استهلاكية,535,مركز تجاري
464991,البيع بالجملة للمنتجات الخشبية والفلينية والبلاستيكية,1631,البيع بالجملة للمنتجات الخشبية والفلينية والبلاستيكية
477394,بيع الأدوات والمواد البلاستيكية  بما فيها الاكياس,1736,بيع الأدوات والمواد البلاستيكية بما فيها الاكياس
960920,مراكز الاسترخاء والعناية الشخصية,859578,صالونات التدليك والمساج الرجالية
474120,البيع بالتجزئة لالعاب الفيديو وبرامجها وملحقاتها,1675,البيع بالتجزئة لالعاب الفيديو وبرامجها وملحقاتها
101021,إنتاج أنواع لحوم الدواجن والأرانب والطيور الطازجة,1894,إنتاج أنواع لحوم الدواجن والأرانب والطيور الطازجة
681010,شراء وبيع الاراضى والعقارات وتقسيمها وأنشطة البيع على الخارطة,855274,شراء وبيع الاراضى والعقارات وتقسيمها وأنشطة البيع على الخارطة
781011,التوسط في استقدام العمالة الوافدة,1829,التوسط في استقدام العمالة الوافدة
563012,المقاهي الشعبية,853,المقاهي الشعبية
464161,البيع بالجملة لاكسسوارات الملابس مثل القفازات ربطة العنق حمالات البنطال وكذلك السبح,1622,البيع بالجملة  لاكسسوارات الملابس مثل القفازات اربطة العنق حمالات البنطال وكذلك السبح
464121,البيع بالجملة للأقمشة الرجالية,443,البيع بالجملة للأقمشة الرجالية
162240,أعمال الديكور الخشبي,1449,أعمال الديكور الخشبي
551025,الشقق المخدومة,824,شقق ووحدات وغرف مفروشة
641911,بنوك تجارية وطنية محلية,1785,بنوك تجارية وطنية محلية
952200,إصلاح الأجهزة المنزلية والمعدات المنزلية ومعدات الحدائق,1883,إصلاح الأجهزة المنزلية والمعدات المنزلية ومعدات الحدائق
821903,أنشطة خدمات ماقبل الطباعة,773505,خدمات ماقبل الطباعة
107181,صناعة الحلويات الشعبية والشرقية بمختلف أنواعها,1421,صناعة الحلويات الشعبية مثل المعمول وصناعة الحلويات الشرقية بمختلف أنواعها مثل البقلاوة والكنافة الخ
522931,الخدمات اللوجستية,858597,الخدمات اللوجستية
464962,البيع بالجملة للأدوات المكتبية القرطاسية,1630,البيع بالجملة للأدوات المكتبية القرطاسية
791223,تنظيم رحلات سياحية,990,تنظيم الرحلات السياحية
931222,الصالات والمراكز الرياضية النسائية,1874,الصالات والمراكز الرياضية النسائية
869023,مراكز الغسيل الكلوي,1061,مراكز الغسيل الكلوي
422070,إنشاء واقامة محطات وابراج الاتصالات السلكية واللاسلكية والرادار,1551,إنشاء واقامة محطات وابراج الاتصالات السلكية واللاسلكية والرادار
433023,تركيب الابواب والشبابيك وإطارات الابواب  الشرشوب   والدربزينات والسلالم والمطابخ المعدنية,813045,تركيب الابواب والشبابيك وإطارات الابواب  الشرشوب  والدربزينات والسلالم والمطابخ المعدنية
331295,إصلاح وصيانة أجهزة التبريد وتنقية الهواء مثل الثلاجات والمجمدات والمكيفات مهما كان حجمها,755110,محلات إصلاح وصيانة أجهزة التبريد وتنقية الهواء مثل الثلاجات والمجمدات والمكيفات مهما كان حجمها
952310,إصلاح وصيانة الأحذية وتركيب الكعوب,1123,تفصيل واصلاح وخرازة احذية
799020,أنشطة بيع التذاكر للأحداث المسرحية والرياضية وغيرها من أنواع التسلية والترفيه,843524,أنشطة بيع التذاكر للأحداث المسرحية والرياضية وغيرها من أنواع التسلية والترفيه
451012,البيع بالجملة والتجزئة للسيارات الخاصة المستعملة يشمل سيارات الإسعاف والباصات الصغيرة والدفع الرباعي,1912,البيع بالجملة والتجزئة للسيارات الخاصة المستعملة  يشمل  سيارات الإسعاف والباصات الصغيرة والدفع الرباعي
464157,البيع للجملة للعبايات النسائية,849761,البيع للجملة للعبايات النسائية
475283,البيع بالتجزئة للرخام والحجر الطبيعي والاصطناعي والسيراميك والبورسلان,1690,البيع بالتجزئة للرخام والحجر الطبيعي والاصطناعي والسيراميك والبورسلان
465201,البيع بالجملة لقطع غيار المعدات والاجزاء الالكترونية الخاصة بالاتصالات وتشمل الانابيب الالكترونية والدوائر الكهربائية  المدمجة والمطبوعة,1637,البيع بالجملة لقطع غيار المعدات والاجزاء الالكترونية الخاصة بالاتصالات وتشمل الانابيب الالكترونية والدوائر الكهربائية  المدمجة والمطبوعة
477383,بيع أجهزة ومعدات ومستلزمات تنقية المياة بالتجزئة,1732,بيع أجهزة ومعدات ومستلزمات تنقية المياة بالتجزئة
454020,البيع لقطع غيار الدراجات النارية بالجملة والتجزئة يشمل البيع بالعمولة ووكالات تنفيذ الطلبات عن طريق البريد,1602,البيع لقطع غيار الدراجات النارية بالجملة والتجزئة  يشمل البيع بالعمولة ووكالات تنفيذ الطلبات عن طريق البريد
433010,تشطيب المباني,813064,تشطيب المباني
802001,رصد نظم الإنذار الإلكترونية عن قرب أو عن بُعد  مثل نُظم الإنذار بالسرقة أو بالحريق  بما في ذلك صيانتها,996,بيع وتركيب أنظمة أمن وسلامة وكاميرات للمراقبة
952930,إصلاح وتعديل الساعات وأجزاءها,1885,إصلاح وتعديل الساعات وأجزاءها
772907,تأجير لوازم الرحلات,1905,تأجير لوازم الرحلات
477117,البيع بالتجزئة للزي الموحد,1313,البيع بالتجزئة للزي الموحد
454030,اصلاح وصيانة الدراجات النارية وما في حكمها,1603,اصلاح وصيانة الدراجات النارية وما في حكمها
432121,تركيب وتمديد شبكات التلفزيون والستلايت,1560,تركيب وتمديد شبكات التلفزيون والستلايت
239650,صناعة منتجات من الرخام مثل المطابخ والمغاسل والتحف والأحواض والتماثيل والنحت والرسم وما شابهها,1487,ورش صناعة منتجات من الرخام مثل المطابخ والمغاسل والتحف والأحواض والتماثيل والنحت والرسم وما شابهها
473020,البيع بالتجزئة للزيوت والتشحيم,1673,البيع بالتجزئة للزيوت والتشحيم
433093,تركيب الأثاث,1574,تركيب الأثاث
370001,التخلص من مياه المجاري,287,نقل مخلفات الصرف الصحي
932914,تأجير المعدات الخاصة بالراحة والبهجة المكملة لتسهيلات الاستجمام,1104,تأجير ألعاب أطفال
476311,البيع بالتجزئة للمعدات الرياضية والصيد والدراجات الهوائية وغيرها,1203,بيع دراجات هوائية بالتجزئة
853040,معاهد التدريب العالي,766755,معاهد التدريب العالي
522912,أنشطة وكالات النقل والشحن البحري,1989,أنشطة وكالات النقل والشحن البحري
331233,إصلاح وصيانة الأدوات والأجهزة اليدوية التي تعمل بالطاقة الكهربائية,849845,إصلاح وصيانة الأدوات والأجهزة اليدوية التي تعمل بالطاقة الكهربائية
551050,قصور وصالات الافراح والمناسبات مع الاقامة,1762,قصور وصالات الافراح والمناسبات مع الاقامة
331292,إصلاح وصيانة المضخات ومعدات الطاقة السائلة,1530,إصلاح وصيانة المضخات ومعدات الطاقة السائلة
139250,قص وتفصيل الستائر,73,قص وتفصيل الستائر
811003,أنشطة خدمات صيانة المباني,1839,أنشطة خدمات صيانة المباني
452064,إصلاح هيدروليك السيارات,256,ورش كبس ليات
611001,تقديم خدمات الاتصالات الثابته,1778,تقديم خدمات الاتصالات الثابته
731013,تقديم خدمات تسويقية نيابةً عن الغير,809168,تقديم خدمات تسويقية نيابةً عن الغير
869054,عيادات الطب البديل والتكميلي,1078,مركز حجامة
869032,مراكز العلاج الطبيعي,1075,مراكز العلاج الطبيعي فئة أ
821100,أنشطة الخدمات الادارية المتكاملة للمكاتب,1306,مكتب تجاري
466994,البيع بالجملة لقطع الغيار المستعملة وانتهاء عمرها الإفتراضي بعد تفكيكها للحصول على قطع غيار قابلة للإستخدام والإستفادة من بيعها للسيارات,1656,البيع بالجملة لقطع الغيار المستعملة وانتهاء عمرها الإفتراضي بعد تفكيكها للحصول على قطع غيار قابلة للإستخدام والإستفادة من بيعها للسيارات
731012,أنشطة الخطاطين والرسامين,1812,أنشطة الخطاطين والرسامين
712042,اختبار وقياس المؤشرات البيئية وتشغيل مختبرات للتربة,827901,اختبار وقياس المؤشرات البيئية وتشغيل مختبرات للتربة
475960,البيع بالتجزئة لانظمة الامن والسلامة يشمل  الأقفال والخزائن  الخ,834491,البيع بالتجزئة لانظمة الامن والسلامة   يشمل الأقفال والخزائن الخ
141083,تفصيل وخياطة بدلات العمل الموحدة,1443,تفصيل وخياطة بدلات العمل الموحدة
492302,نقل البضائع والمعدات النقل الثقيل,1743,نقل البضائع والمعدات النقل الثقيل
931221,الصالات والمراكز الرياضية الرجالية,1873,الصالات والمراكز الرياضية الرجالية
477342,البيع بالتجزئة لقطع الغيار الخاصة بأجهزة التكييف والتبريد,1722,البيع بالتجزئة لقطع الغيار الخاصة بأجهزة التكييف والتبريد
772901,تأجير كافة أنواع فساتين الأفراح ومستلزماتها,834548,تأجير كافة أنواع فساتين الأفراح ومستلزماتها
464140,البيع بالجملة لمستلزمات الخياطة,1618,البيع بالجملة لمستلزمات الخياطة
466381,البيع بالجملة للاكسسوارات المعدنية والاقفال والمفصلات وغيرها,1652,البيع بالجملة للاكسسوارات المعدنية والاقفال والمفصلات وغيرها
453012,البيع بالجملة والتجزئة لقطع الغيار المستعملة للسيارات وتوابعها,1598,البيع بالجملة والتجزئة لقطع الغيار المستعملة للسيارات وتوابعها
522406,وسطاء الشحن,859257,مكاتب شركات وسطاء الشحن
477395,بيع وتركيب الالات ومعدات المصانع,1907,بيع وتركيب الالات ومعدات المصانع
464995,البيع بالجملة لألعاب الأطفال,1633,البيع بالجملة لألعاب الأطفال
432122,تركيب وتمديد شبكات الكمبيوتر والاتصالات,1561,تركيب وتمديد شبكات الكمبيوتر والاتصالات
465910,البيع بالجملة للمعدات والآلات المكتبية ماعدا الحواسيب ومستلزماتها,1641,البيع بالجملة للمعدات والآلات المكتبية ماعدا الحواسيب ومستلزماتها
433073,أعمال الدهانات والطلاء  لهياكل الهندسة الحديثة,812997,أعمال الدهانات والطلاء  لهياكل الهندسة الحديثة
477366,تجارة الفخاريات والمشغولات اليدوية,834525,تجارة الفخاريات والمشغولات اليدوية
464130,البيع بالجملة للبطاطين والبياضات الجاهزة والشراشف,1617,البيع بالجملة للبطاطين والبياضات الجاهزة والشراشف
691010,أنشطة المحاماة والاستشارات القانونية,1797,أنشطة المحاماة والاستشارات القانونية
464961,البيع بالجملة للكتب والمجلات والصحف والوسائل التعليمية المساعدة ويشمل: استيراد الإنتاج الفكري المكتوب أو المرسوم أو المصور,770735,البيع بالجملة للكتب والمجلات والصحف والوسائل التعليمية المساعدة   ويشمل  استيراد الإنتاج الفكري المكتوب أو المرسوم أو المصور
472123,البيع بالتجزئة للحليب الطازج,1664,البيع بالتجزئة للحليب الطازج
463080,البيع بالجملة لاغذية واعلاف الحيوانات المنزلية,1616,البيع بالجملة لاغذية واعلاف الحيوانات
889020,مراكز ضيافة الأطفال الاهلية,1083,مركز ضيافة أطفال
464153,البيع بالجملة لملابس الاطفال,1620,البيع بالجملة  لملابس الاطفال
433072,اعمال الدهانات والطلاء للمباني الداخلية والخارجية,1573,اعمال الدهانات والطلاء للمباني الداخلية والخارجية
464981,البيع بالجملة للساعات,468,البيع بالجملة للساعات
521021,مخازن المواد الغذائية المبردة,849286,مخازن المواد الغذائية المبردة
464955,البيع بالجملة للعود والبخور,849784,البيع بالجملة للعود والبخور
110422,انتاج وتعبئة المياه النقية المفلترة,1429,انتاج وتعبئة المياه النقية المفلترة
477353,بيع وتركيب العشب الصناعي,834522,بيع وتركيب العشب الصناعي
141081,صناعة الملابس العسكرية,97,خياطة وتقييف الملابس العسكرية
464922,البيع بالجملة لقطع الغيار الخاصة بأجهزة التكييف والتبريد,849764,البيع بالجملة لقطع الغيار الخاصة بأجهزة التكييف والتبريد
464151,البيع بالجملة للملابس الرجالية,1619,البيع بالجملة للملابس الرجالية
452024,أنشطة خراطة أجزاء السيارات,849858,أنشطة خراطة أجزاء السيارات
432134,تركيب وصيانة الأجهزة الأمنية,812990,تركيب وصيانة الأجهزة الأمنية
477384,تجارة التجزئة لألات ومعدات التشييد والبناء والهندسة المدنية النفطية والمعدات الثقيلة وصيانتها,1733,تجارة التجزئة لألات ومعدات التشييد والبناء والهندسة المدنية النفطية والمعدات الثقيلة وصيانتها
750012,أنشطة العيادات البيطرية,973,أنشطة العيادات البيطرية
773062,تأجير أرصفة العمل والسقالات  بدون التركيب والتفكيك,809132,تأجير أرصفة العمل والسقالات بدون التركيب والتفكيك
477317,بيع ماكينات الخياطة,1716,بيع ماكينات الخياطة
869015,المختبرات الطبية,1868,مختبرات التحاليل الطبية المتخصصة
551081,إدارة مرافق الايواء السياحي,901,إدارة مرافق الايواء السياحي
521011,تشغيل مرافق التخزين لجميع أنواع البضائع,813035,تشغيل مرافق التخزين لجميع أنواع البضائع
521033,مخازن مواد النظافة,1303,مستودع تخزين مواد نظافة
310070,صناعة المطابخ من الخشب والألمنيوم,237,تفصيل وبيع مطابخ
462092,البيع بالجملة للأعلاف والإضافات العلفية غير الدوائية,852845,البيع بالجملة للأعلاف والإضافات العلفية غير الدوائية
466231,البيع بالجملة للمعادن الثمينة والأحجار الكريمة,773475,البيع بالجملة للمعادن الثمينة والأحجار الكريمة
492221,النقل التعليمي,858738,النقل التعليمي
475286,البيع بالتجزئة للأنابيب المعدنية والحديدية,834453,البيع بالتجزئة للأنابيب المعدنية والحديدية
701012,أنشطة المكاتب الرئيسة,1800,أنشطة المكاتب الرئيسة  الإشراف على الوحدات الأخرى في الشركة أو المؤسسة  وإدارتها
829203,انشطة تغليف الطرود والهدايا,1825,انشطة تغليف الطرود والهدايا
741020,انشطة تصميم الديكورات الداخلية,1815,انشطة تصميم الديكورات الداخلية
476121,البيع بالتجزئة للأثاث المكتبي,1235,البيع بالتجزئة للأثاث المكتبي
464934,البيع بالجملة للحقائب,1961,البيع بالجملة للحقائب
331413,إصلاح وصيانة أجهزة التوزيع والتحكم الكهربائية,856057,إصلاح وصيانة أجهزة التوزيع والتحكم الكهربائية
464954,البيع بالجملة لأدوات التجميل,773451,البيع بالجملة لأدوات التجميل
862064,العيادات الطبية,1864,عيادات الامراض النفسية والعصبية
477343,البيع بالتجزئة لقطع غيار المعدات والآلات الزراعية,1723,البيع بالتجزئة لقطع غيار المعدات والآلات الزراعية
477345,البيع بالتجزئة لقطع غيار معدات وآلات البناء,1357,البيع بالتجزئة لقطع غيار معدات وآلات البناء
181100,الطباعة,773800,الطباعة
475980,تجارة التجزئة لمعدات السلامة والإطفاء والأمن الصناعي يشمل تعبئة طفايات الحريق دون إجراء عمليات تحويلية,1696,تجارة التجزئة لمعدات السلامة والإطفاء والأمن الصناعي  يشمل تعبئة طفايات  الحريق دون إجراء عمليات تحويلية
854910,معاهد تعليم اللغات ومهارات المحادثة,1854,معاهد تعليم اللغات ومهارات المحادثة
475950,البيع بالتجزئة للآلات الموسيقية,1909,البيع بالتجزئة للآلات الموسيقية
477335,البيع بالتجزئة لآلات تصنيع واستنساخ المفاتيح,843473,البيع بالتجزئة لآلات تصنيع واستنساخ المفاتيح
461018,وكلاء البيع للأثاث والسلع المنزلية,852844,وكلاء البيع للأثاث والسلع المنزلية
649100,الايجار التمويلي,1787,الايجار التمويلي
465305,البيع بالجملة لقطع غيار المعدات والآلات الزراعية,492,بيع الات ومعدات وأدوات زراعية بالجملة
139260,التطريز اليدوي والجاكار,755104,خياطة سجاد وموكيت
476211,البيع بالتجزئة لاشرطة الكاسيت والفيديو وDVD المسجلة بكافة أنواعها,1700,البيع بالتجزئة لاشرطة الكاسيت والفيديو وDVD المسجلة بكافة أنواعها
452032,ورش سمكرة السيارات وتشمل معالجة الصدأ,1585,ورش سمكرة السيارات وتشمل معالجة الصدأ
466220,البيع بالجملة للأنابيب المعدنية والحديدية,849771,البيع بالجملة للأنابيب المعدنية والحديدية
432920,تركيب وإصلاح وصيانة الابواب الاوتوماتيكية,342,تركيب وصيانة وبيع الابواب الاوتوماتيكية
454010,البيع بالجملة والتجزئة للدراجات النارية وذات المحركات البخارية الصغيرة,1601,البيع بالجملة والتجزئة للدراجات النارية وذات المحركات البخارية الصغيرة
141050,تفصيل وخياطة وحياكة الملابس الرجالية غير العربية,834479,تفصيل وخياطة وحياكة الملابس الرجالية غير العربية
661212,مراكز الصرافة,1792,مراكز الصرافة
239531,إنتاج خرسانة جاهزة الخلط,1483,إنتاج خرسانة جاهزة الخلط
932101,مدن الملاهي,1233,منتزة ترفيهي وملاعب اطفال
581101,نشر الكتب الورقية والقواميس والأطالس والخرائط  ويشمل : استيراد وإنتاج الأوعية الفكرية المكتوبة أو المرسومة أو المصورة,770764,نشر الكتب الورقية والقواميس والأطالس والخرائط   ويشمل  استيراد وإنتاج الأوعية الفكرية المكتوبة أو المرسومة أو المصورة
772906,تأجير الأجهزة والمعدات الكهربائية والإلكترونية والموسيقية والعربات والكراسي المتحركة,834549,تأجير الأجهزة والمعدات الكهربائية والإلكترونية والموسيقية والعربات والكراسي المتحركة
478900,بيع السلع الأخرى بالتجزئة في الاكشاك والاسواق,1739,بيع السلع الأخرى بالتجزئة في الاكشاك والاسواق
477312,بيع أجهزة ومعدات الطاقة الشمسية,1714,بيع أجهزة ومعدات الطاقة الشمسية
749072,أنشطة الاستشارات الجيولوجية,849456,أنشطة الاستشارات الجيولوجية
464952,البيع بالجملة لمستحضرات وصابون التجميل,1962,البيع بالجملة لمستحضرات و صابون التجميل
952320,إصلاح وصيانة المنتجات الجلدية كالأمتعة والحقائب,1884,إصلاح وصيانة المنتجات الجلدية كالأمتعة والحقائب
492281,نقل وترحيل الركاب إلى خارج المملكة النقل الدولي للركاب,858317,مكاتب نقل وترحيل الركاب إلى خارج المملكة النقل الدولي للركاب
551022,الشقق الفندقية,856038,الشقق الفندقية
433081,تركيب الزجاج والمرايا للمباني,1965,تركيب الزجاج والمرايا للمباني
854954,مراكز التدريب,1048,معهد حاسب الي
139212,تفصيل وخياطة مستلزمات الرحلات,855189,تفصيل وخياطة مستلزمات الرحلات
432963,تركيب وصيانة أجهزة ومعدات الإطفاء,813044,تركيب وصيانة أجهزة ومعدات الإطفاء
799014,حجز وحدات الإيواء السياحي وتسويقها,850796,حجز وحدات الإيواء السياحي وتسويقها
960962,تنظيم حفلات الزواج والمناسبات الخاصة,854549,تنظيم حفلات الزواج والمناسبات الخاصة
477325,بيع كابلات كهربائية واتصالات,834499,بيع كابلات كهربائية واتصلات
492303,نقل الأثاث,1744,نقل الأثاث
492211,الأجرة العامة,771903,الأجرة العامة
465212,البيع بالجملة لقطع غيار الهواتف النقالة,849793,البيع بالجملة لقطع غيار الهواتف النقالة
477351,البيع بالتجزئة للشتلات الزراعية والنباتات المشاتل,1724,البيع بالتجزئة  للنباتات والبذور والاسمدة  المشاتل خارج النطاق العمراني
681022,إدارة وتاجير العقارات المملوكة او المؤجرة غير سكنية,855276,إدارة وتاجير العقارات المملوكة او المؤجرة  غير سكنية
433062,أعمال التزيين ولصق  ورق الحائط,812996,أعمال التزيين ولصق  ورق الحائط
242060,مصنوعات معدنية عادية غير حديدية اسلاك مواسير أنابيب مساحيق أوراق صفائح,1490,مصنوعات معدنية عادية غير حديدية  اسلاك   مواسير  أنابيب  مساحيق  أوراق  صفائح  الخ
433051,تغطية الارضيات خشب الباركيه,1572,تغطية الارضيات خشب الباركيه
472181,البيع بالتجزئة للمواشي والأغنام والجمال الحية,1669,البيع بالتجزئة للمواشي والأغنام والجمال الحية
521036,مخازن البطاريات,797,مستودع بطاريات
619021,تقديم خدمة النظام الآلي لإدارة المركبات  AVL,1921,تقديم خدمة النظام الآلي لإدارة المركباتAVL
476130,البيع بالتجزئة للكروت  البطاقات مسبقة الدفع بكافة أنواعها,1908,البيع بالتجزئة للكروت  البطاقات مسبقة الدفع بكافة أنواعها
202210,صناعة الدهانات,1459,صناعة الدهانات
310050,صناعة وتفصيل المجالس العربية,849814,صناعة وتفصيل المجالس العربية
474220,البيع بالتجزئة للمعدات السمعية والصوتية,852849,البيع بالتجزئة للمعدات السمعية والصوتية
251154,صناعة وتركيب النوافذ والأبواب,849780,صناعة وتركيب النوافذ والأبواب
475282,البيع بالتجزئة لسكراب مواد البناء يشمل تجارة الحديد الخردة,1689,البيع بالتجزئة للسكراب ومواد البناء يشمل تجارة الحديد الخردة
522913,وكالات الشحن الجوي المعتمد,1756,وكالات الشحن الجوي المعتمد
477326,بيع معدات وأجهزة سلكية ولاسلكية,834510,بيع معدات وأجهزة سلكية ولاسلكية
106111,تعبئة وطحن القمح,1414,تعبئة وطحن القمح
331255,تركيب وصيانة آلات تصنيع واستنساخ المفاتيح,843441,تركيب وصيانة آلات تصنيع واستنساخ المفاتيح
331222,إصلاح وصيانة الالات الزراعية والات قطع الأشجار,1526,إصلاح وصيانة الالات الزراعية والات قطع الأشجار
432210,تركيب انظمة التدفئة بالكهرباء اوالغاز اوالزيت وصيانتها واصلاحها,812993,تركيب انظمة التدفئة بالكهرباء اوالغاز اوالزيت وصيانتها واصلاحها
461017,وكلاء البيع للألات بما في ذلك الألات المكتبية والحواسيب  والمعدات الصناعية,1605,وكلاء البيع للألات بما في ذلك الألات المكتبية والحواسيب  والمعدات الصناعية
475150,البيع بالتجزئة للخيام,1681,البيع بالتجزئة للخيام
202341,صناعة العطورات الرجالية والنسائية,140,ورشة تعبئة وتصنيع بخور
492307,نقل السيارات,1746,نقل السيارات
702013,أنشطة الاستشارات الإدارية,773701,خدمات استشارات إدارية
465950,البيع بالجملة للمولدات والمحولات الكهربائية,1643,البيع بالجملة للمولدات والمحولات الكهربائية
821112,أنشطة حاضنات ومسرعات الأعمال,1365,أنشطة حاضنات ومسرعات الأعمال فئة أ
651201,التأمين الصحي,889,مكتب تامين صحي
477371,البيع بالتجزئة للوقود المنزلي الفحم واخشاب الوقود,1728,البيع بالتجزئة للوقود المنزلي الفحم واخشاب الوقود
612013,تقديم خدمات الانترنت الللاسلكية,809128,تقديم خدمات الانترنت الللاسلكية
869022,مراكز علاج النطق والتخاطب والبلع,1869,مراكز علاج النطق والتخاطب والبلع
331251,إصلاح وصيانة الآلات الاستهلاكية متعددة الاستخدامات,1529,إصلاح وصيانة الآلات الاستهلاكية متعددة الاستخدامات
476314,البيع بالتجزئة للأسلحة الهوائية وأسلحة الصيد,1703,البيع بالتجزئة للأسلحة الهوائية وأسلحة الصيد
477362,البيع بالتجزئة لمنتجات المعارض الفنية التجارية,837410,البيع بالتجزئة لمنتجات المعارض الفنية التجارية
854952,معاهد التدريب,766756,معاهد ومراكز التدريب التأهيلية والتطويرية غير الأكاديمية
452015,إصلاح مكيفات السيارات,849857,إصلاح مكيفات السيارات
682030,تقييم العقارات,1796,خدمات تقييم العقارات
711050,المسح الارضي,1804,أنشطة الخدمات المساحية والكمية
103041,تجفيف وتعبئة التمور وصناعة منتجاتها,1404,تجفيف وتعبئة التمور وصناعة منتجاتها
532011,نقل الطرود محلي,1757,نقل الطرود محلي
811002,أنشطة خدمات التنظيف للمباني الحكومية,1838,أنشطة خدمات التنظيف للمباني الحكومية
464935,البيع بالجملة لمستلزمات وأدوات العناية بالأطفال,856717,البيع بالجملة لمستلزمات وأدوات العناية بالأطفال
465993,البيع بالجملة لألآت ومعدات التشييد والبناء والهندسة المدنية,1325,البيع بالجملة لألآت ومعدات التشييد والبناء والهندسة المدنية
475924,البيع بالتجزئة للمنتجات الخشبية والفلينية والبلاستيكية,837401,البيع بالتجزئة للمنتجات الخشبية والفلينية والبلاستيكية
521095,مخازن الأثاث والأخشاب,1750,مخازن الأثاث والأخشاب
239510,صناعة البلك الأسمنتي المفرغ والآجر,852775,صناعة البلك الأسمنتي المفرغ والآجر
103080,صناعة المخللات والطرشي التخليل,1406,صناعة المخللات والطرشي التخليل
791102,أنشطة وكالات شركات الطيران,852853,أنشطة وكالات شركات الطيران
889030,مؤسسات الرفاه الاجتماعي تحديد وتوزيع المساعدات الاجتماعية الرعاية النهارية للمعوقين تبني الأطفال الاستشارات للأسر والأفراد,1389,مؤسسات الرفاه الاجتماعي تحديد وتوزيع المساعدات الاجتماعية  الرعاية النهارية للمعوقين  تبني الأطفال  الاستشارات للأسر والأفراد
932103,مراكز الترفيه,851563,مراكز الترفيه
422032,إنشاء المحطات والخطوط الرئيسية لتوزيع المياه,1381,إنشاء المحطات والخطوط الرئيسية لتوزيع المياه
451013,البيع بالجملة والتجزئة لسيارات النقل الثقيل الجديدة مثل  الترلات والهاف لوري,755480,البيع بالجملة والتجزئة لسيارات النقل الثقيل الجديدة مثل  الترلات والهاف لوري
463043,البيع بالجملة لمنتجات الأسماك,849755,البيع بالجملة لمنتجات الأسماك
749010,نشاط الترجمة,1817,نشاط الترجمة
477430,البيع بالتجزئة للتحف المستعملة,834531,البيع بالتجزئة للتحف المستعملة
951130,إصلاح وصيانة الشاشات لوحة المفاتيح الفأره وغيرها من ملحقات مشابهة,857778,ورشة إصلاح وصيانة الشاشات لوحة المفاتيح الفأره وغيرها من ملحقات مشابهة
466382,البيع بالجملة للعدد والادوات اليدوية مثل المفك والمنشار والمطارق وغيرها,1653,البيع بالجملة للعدد والادوات اليدوية مثل المفك والمنشار والمطارق وغيرها
477121,البيع بالتجزئة لأصناف المشالح الرجالية,834461,البيع بالتجزئة لأصناف المشالح الرجالية
854101,الاكاديميات الرياضية,857937,الاكاديميات الرياضية
742050,أنشطة تصوير المستندات باستخدام الميكروفلم,1979,أنشطة تصوير المستندات باستخدام الميكروفلم
421010,إنشاء الطرق والشوارع والارصفة ومستلزمات الطرق,1376,إنشاء الطرق والشوارع والارصفة ومستلزمات الطرق
492300,النقل البري للبضائع,773472,النقل البري للبضائع
521035,مخازن المنتجات الكرتونية والبلاستيكية,779,مستودع منتجات كرتونيه وبلاستيكية
331400,إصلاح المعدات الكهربائية,852839,إصلاح المعدات الكهربائية
331108,اصلاح وصيانة الأسلحة النارية والذخائر يشمل بنادق الصيد والتسلية,755088,اصلاح وصيانة الأسلحة الناريه والذخائر  يشمل  بنادق الصيد والتسلية
432111,تمديد الاسلاك الكهربائية,1559,تمديد الاسلاك الكهربائية
101043,حفظ وإعداد اللحوم ومنتجاتها بمختلف الطرق كالتجفيف والتعليب,1896,حفظ وإعداد اللحوم ومنتجاتها بمختلف الطرق كالتجفيف والتعليب
104012,إنتاج وتكرير زيت السمسم,25,معاصر زيت السمسم
620102,تصميم وبرمجة البرمجيات الخاصة,1782,تصميم وبرمجة البرمجيات الخاصة
619011,مقاهي الإنترنت,873,مقاهي الإنترنت
662120,تسوية المطالبات التأمينية,1920,تسوية المطالبات التأمينية
465995,البيع بالجملة لقطع غيار المعدات والآلات الصناعية,849798,البيع بالجملة لقطع غيار المعدات والآلات الصناعية
432220,تركيب شبكات الطاقة الشمسية وصيانتها واصلاحها,813018,تركيب شبكات الطاقة الشمسية وصيانتها واصلاحها
851021,التعليم الابتدائي للطلاب بمنهج وطني,1847,التعليم الإبتدائي للطلبة
462031,البيع بالجملة للزهور,853314,البيع بالجملة للزهور
521034,مخازن إطارات السيارات,799,مستودع إطارات سيارات
466370,البيع بالجملة للاسقف الصناعية المعدنية والابواب والشبابيك والمصنوعات المعدنية,1651,البيع بالجملة للاسقف الصناعية المعدنية والابواب والشبابيك والمصنوعات المعدنية
231052,تقطيع وشطف الزجاج العادي,755106,تقطيع وشطف الزجاج العادي
781012,التوسط في توظيف السعوديين,1830,التوسط في توظيف السعوديين
472143,البيع بالتجزئة للحوم والدواجن المجمدة,856538,البيع بالتجزئة للحوم والدواجن المجمدة
855004,مركز الإشراف والتدريب التربوي الأهلي,766754,مركز الإشراف والتدريب التربوي الأهلي
433042,تركيب الرخام,813046,تركيب الرخام
464997,البيع بالجملة للسلع والادوات الرياضية,1634,البيع بالجملة للسلع والادوات الرياضية
105050,صناعة المثلجات البوظة أوالأيسكريم,1413,صناعة المثلجات البوظة أو الأيسكريم
791211,تقديم خدمات المعتمرين وزوار المسجد النبوي القادمين من خارج المملكة,773939,تقديم خدمات المعتمرين وزوار المسجد النبوي القادمين من خارج المملكة
474153,البيع بالتجزئة لقطع غيار الهواتف النقالة,837416,البيع بالتجزئة لقطع غيار الهواتف النقالة
662111,المعاينة وتقدير الخسائر,813016,المعاينة وتقدير الخسائر
692010,أنشطة المراجعة وتدقيق الحسابات,1798,أنشطة المراجعة وتدقيق الحسابات
522922,توجية مركبات الأجرة,773459,توجية مركبات الأجرة
13001,زراعة نباتات الزينة والشتلات المشاتل,1391,زراعة نباتات الزينة والشتلات المشاتل
861011,المستشفيات,1860,المستشفيات
439030,إنشاء حمامات السباحة,813007,إنشاء حمامات السباحة
465963,البيع بالجملة لأجهزة ومعدات ومواد الوقاية والحماية من الحريق,852693,البيع بالجملة لأجهزة ومعدات ومواد الوقاية والحماية من الحريق
432230,تركيب الادوات الصحية وصيانتها واصلاحها,1563,تركيب الادوات الصحية وصيانتها واصلاحها
651202,التأمين العام,852646,التأمين العام
477333,البيع بالتجزئة لأجهزة ومعدات ومواد الوقاية والحماية من الحريق,843460,البيع بالتجزئة لأجهزة ومعدات ومواد الوقاية والحماية من الحريق
461031,أنشطة التصدير,1608,أنشطة التصدير
492243,النقل المتخصص,1221,نقل المعتمرين والزوار من داخل المملكة
873020,دور الرعاية مع الإقامة لذوي الاحتياجات الخاصة,1870,دور الرعاية مع الإقامة لذوي الاحتياجات الخاصة
813012,رعاية وصيانة مناظرالمباني والحدائق المنزلية وحدائق الأسقف وواجهات المباني الخاصة وغيرها,1841,رعاية وصيانة مناظرالمباني والحدائق المنزلية وحدائق الأسقف وواجهات المباني الخاصة وغيرها
960950,العمل بالأجهزة التي تعمل بالعملة والتي توفر خدمات شخصية يشمل  أجهزة التصوير الفوتوغرافي أجهزة قياس الوزن الخزائن التي تفتح بالعملة وغيرها,809153,العمل بالأجهزة التي تعمل بالعملة والتي توفر خدمات شخصية  يشمل  أجهزة التصوير الفوتوغرافي أجهزة قياس الوزن الخزائن التي تفتح بالعملة وغيرها
251153,صناعة وتركيب أبواب الكراجات,849779,صناعة وتركيب أبواب الكراجات
466360,البيع بالجملة لورق الحائط واغطية الارضيات,849801,البيع بالجملة لورق الحائط واغطية الارضيات
466940,البيع بالجملة للمواد البلاستيكية الاولية والمطاط والالياف الصناعية,849802,البيع بالجملة للمواد البلاستيكية الاولية والمطاط والالياف الصناعية
477381,بيع وصيانة غرف التبريد والبرادات بالتجزئة,834521,بيع وصيانة غرف التبريد والبرادات بالتجزئة
432254,تمديدات انابيب الري وصيانتها واصلاحها,813021,تمديدات انابيب الري وصيانتها واصلاحها
869037,مركز الرعاية عن بعد والطب الاتصالي,850727,مركز الرعاية عن بعد والطب الاتصالي
101044,تقطيع وتجهيز وتعبئة وتغليف اللحوم والدواجن,856189,تقطيع وتجهيز وتعبئة وتغليف اللحوم والدواجن
259951,صناعة الأواني المعدنية المجوفة وما يماثلها من أدوات المطبخ والمائدة وأدوات الشوي والقلي,1499,صناعة الأواني المعدنية المجوفة وما يماثلها من أدوات المطبخ والمائدة وأدوات الشوي والقلي
464953,البيع بالجملة لأعواد الأراك,849765,البيع بالجملة لأعواد الأراك
474151,البيع بالتجزئة للبرمجيات,773205,البيع بالتجزئة للبرمجيات
439012,أعمال تركيب الصخور,813023,أعمال تركيب الصخور
521092,التخزين في مستودعات صوامع الغلال والدقيق ومخازن الأغذية والمنتجات الزراعية,1749,التخزين في مستودعات صوامع الغلال والدقيق ومخازن الأغذية والمنتجات الزراعية
477391,بيع وتركيب معدات وأدوات محلات التجميل,1734,بيع وتركيب معدات وأدوات محلات التجميل
869025,مراكز الأطراف الاصطناعية والأجهزة التقويمية,1983,مراكز الأطراف الاصطناعية والأجهزة التقويمية
476312,البيع بالتجزئة لمعدات التخييم,1238,البيع بالتجزئة لمعدات التخييم والرحلات البرية
477421,البيع بالتجزئة للأثاث المنزلي المستعمل,731,بيع أثاث منزلي مستعمل
422010,تمديد الانابيب باختلاف انواعها للكهرباء والاتصالات وغيرها,1379,تمديد الانابيب باختلاف انواعها للكهرباء والاتصالات وغيرها
464958,البيع بالجملة  للعطور,855239,البيع بالجملة  للعطور
869035,مراكز علاج السمع,1981,مراكز علاج أمراض السمع
501201,النقل المائي البحري والساحلي للبضائع المتنوعة,857485,النقل المائي البحري والساحلي للبضائع المتنوعة
855001,أنشطة الاستشارات التعليمية والتربوية,1059,استشارات تربوية وتعليمية
139241,قص وتفصيل الخيام والأشرعة,1432,مصنع قص وتفصيل الخيام والأشرعة
772192,تأجير وتشغيل العربات والكراسي المتحركة,854691,تأجير وتشغيل العربات والكراسي المتحركة
477322,بيع أدوات ومعدات خدمات التموين يشمل معدات تقديم الطعام في الفنادق والمستشفيات الخ,834498,بيع أدوات ومعدات لخدمات التموين  يشمل معدات تقديم الطعام في الفنادق والمستشفيات الخ
477151,البيع بالتجزئة للمنتجات والسلع الجلدية وتوابع السفر من الجلود وبدائل الجلود,837409,البيع بالتجزئة للمنتجات والسلع الجلدية وتوابع السفر من الجلود وبدائل الجلود
410030,إنشاءات المباني الجاهزة في المواقع,1548,إنشاءات المباني الجاهزة في المواقع
749035,أنشطة خدمات استشارات غذائية,773932,أنشطة خدمات استشارات غذائية
332023,تركيب المعدات والأجهزة الإشعاعية والطبية,1535,تركيب المعدات والأجهزة الإشعاعية والطبية
465304,البيع بالجملة للآلات والجرارات المستخدمة في الزراعة والتشجير وقص الحشائش,856473,البيع بالجملة للآلات والجرارات المستخدمة في الزراعة والتشجير وقص الحشائش
661911,تقديم خدمات الدفع لنقاط البيع والمنافذ الإلكترونية الآمن والذكية أجهزة الصراف الإيداع الآلي,888,صراف آلي ضمن مبنى او اسواق او بنك
852112,التعليم الثانوي للطالبات بمنهج وطني,1852,التعليم الثانوي للطالبات
711014,إدارة المشاريع الانشائية,854789,إدارة المشاريع الانشائية
477311,البيع بالتجزئة لكاميرات التصوير ومستلزماتها,1362,البيع بالتجزئة لكاميرات التصوير ومستلزماتها
869027,مراكز الخدمات الطبية المنزلية,1956,مراكز الخدمات الطبية المنزلية
869021,مراكز التأهيل الطبي,1985,مراكز التأهيل الطبي
782001,أنشطة وكالات التشغيل المؤقت لخدمات العمالة المنزلية,809133,أنشطة وكالات التشغيل المؤقت للخدمات المنزلية
239580,صناعة أصناف من الجبس  يشمل  الأطر والبراويز المنقوشة والتماثيل والفازات وأصناف الزينة الأخرى,178,ورشة زخرفة جبسية
259213,معالجة وطلي المعادن بالتلوين والتنظيف,1492,معالجة وطلي المعادن بالتلوين والتنظيف
711041,إستشارات الهندسة الميكانيكية,854949,إستشارات الهندسة الميكانيكية
477324,البيع بالتجزئة للآلات والمعدات الزراعية,673,بيع الات زراعية
641912,فروع بنوك تجارية اجنبية,852950,فروع بنوك تجارية اجنبية
464956,البيع بالجملة للأجهزة والمعدات والمستلزمات الطبية,851765,البيع بالجملة للأجهزة والمعدات والمستلزمات الطبية
681041,التطوير العقاري للمباني السكنية بأساليب البناء الحديثة,858577,التطوير العقاري للمباني السكنية بأساليب البناء الحديثة
251160,ورش صناعة الالمونيوم,201,ورش الالمنيوم
465920,البيع بالجملة للاثاث المكتبي,494,البيع بالجملة للاثاث المكتبي
591105,تشغيل استوديو صوتي ومرئي,855409,تشغيل استوديو صوتي ومرئي
823001,تنظيم وإدارة المعارض والمؤتمرات,1266,تنظيم وإدارة المعارض التجارية والمؤتمرات
932933,تشغيل مرافق الفعاليات الترفيهية,809152,تشغيل مرافق الفعاليات الترفيهية
477368,البيع بالتجزئة لمستلزمات الخيل,770737,البيع بالتجزئة لمستلزمات الخيل
811005,إدارة عمليات الصيانة والتشغيل في المباني والمرافق التابعة لها,857197,إدارة عمليات الصيانة والتشغيل في المباني والمرافق التابعة لها
829902,خدمات الكتبه العموميون,809149,خدمات الكتبه العموميون
325034,معامل الأسنان والتركيبات الصناعية,1516,معامل الأسنان والتركيبات الصناعية
773071,تأجير الحاسوب والأجهزته الملحقة,834540,تأجير الحاسوب والأجهزته الملحقة
464171,البيع بالجملة للأحذيه,1624,البيع بالجملة للأحذيه
239540,صناعة قواطع وألواح وأطر ومباني جاهزة من الخرسانة سابقة الصنع,1484,صناعة قواطع وألواح وأطر ومباني جاهزة من الخرسانة سابقة الصنع
381105,نقل نفايات البلدية,856937,نقل نفايات البلدية
465992,البيع بالجملة للآلات الصناعية  يشمل بيع المناجر والمناشر,849797,البيع بالجملة للآلات الصناعية يشمل بيع المناجر والمناشر
592012,انتاج التسجيلات الصوتية على CD,1939,انتاج التسجيلات الصوتية على CD
477422,البيع بالتجزئة للساعات المستعملة بأنواعها,834544,البيع بالتجزئة للساعات المستعملة بأنواعها
139211,قص وتفصيل الملاءات أكياس الوســائد المفارش والألحفة  الوسائد,1431,قص وتفصيل الملاءات و أكياس الوســائد و المفارش والألحفة و الوسائد
619016,تقديم خدمات مشغلي شبكات الاتصالات المتنقلة الافتراضية  MVNO,1969,تقديم خدمات مشغلي شبكات الاتصالات المتنقلة الافتراضية   MVNO
202361,صناعة مستحضرات التجميل,1464,صناعة مستحضرات التجميل
381101,خدمات جمع النفايات البلدية,774545,خدمات جمع النفايات البلدية
310021,صناعة الأثاث المعدني للمنازل والمكاتب والمطاعم والفنادق,849810,صناعة الأثاث المعدني للمنازل والمكاتب والمطاعم والفنادق
477386,البيع بالتجزئة للمولدات الكهربائية ولوازمها,834526,تجارة وصيانة ألات زراعية ومضخات ومولدات كهرباء ولوازمها بالتجزئة
829208,التغليف الحراري للاجهزة الالكترونية,834551,التغليف الحراري للاجهزة الالكترونية
452031,ورش حدادة السيارات,849832,ورش حدادة السيارات
854958,تثقيف واختبار العاملين في منشآت الغذاء والصحة العامة,855652,تثقيف واختبار العاملين في منشآت الغذاء والصحة العامة
465933,البيع بالجملة للأجهزة الأمنية,849882,البيع بالجملة للأجهزة الأمنية
222080,صناعة المنتجات الأسفنجية,1473,صناعة المنتجات الأسفنجية
951120,إصلاح وصيانة الطابعات والماسحات الضوئية,1880,إصلاح وصيانة الطابعات والماسحات الضوئية
465102,البيع بالجملة للبرمجيات ويشمل الاستيراد,1958,البيع بالجملة للبرمجيات ويشمل الاستيراد
383005,التدوير وإعادة استخدام النفايات البلدية,1544,معالجة النفايات غير الخطرة الاخرى وتصريفها
812904,أنشطة التطهير والتبخير لإبادة الحشرات والقوارض,1840,أنشطة التطهير وإبادة الحشرات والقوارض
466140,البيع بالجملة لزيوت التشحيم والمنتجات النفطية المتكررة,1646,البيع بالجملة لزيوت التشحيم والمنتجات النفطية المتكررة
239640,قطع ونشر الرخام,852685,قطع ونشر الرخام
475130,البيع بالتجزئة للمواد الاساسية للسجاد والتطريز والزخرفة,834448,البيع بالتجزئة للمواد الاساسية للسجاد والتطريز والزخرفة
202321,صناعة المنظفات الصناعية,1462,صناعة المنظفات الصناعية
852111,التعليم الثانوي للطلبة بمنهج وطني,1851,التعليم الثانوي للطلبة
469020,البيع بالجملة  للماكينات المحاسبية والإحصائية والكتابية ومعدات المكاتب ولوازمها,849804,البيع بالجملة  للماكينات المحاسبية والإحصائية والكتابية ومعدات المكاتب ولوازمها
432113,تمديدات  الشبكات,812974,تمديدات  الشبكات
522923,استلام وتفريغ السلع والمنتجات من الناقلات وصفها وترتيبها على الرفوف,813010,استلام وتفريغ السلع والمنتجات من الناقلات وصفها وترتيبها على الرفوف
851022,التعليم الإبتدائي للطالبات بمنهج وطني,1848,التعليم الإبتدائي للطالبات
521024,مخازن مستحضرات التجميل,1298,مستودع تخزين ادوات تجميل
521022,مخازن أغذية وأعلاف الحيوانات,852018,مخازن أغذية وأعلاف الحيوانات
477314,بيع أجهزة القياس والرقابة ومعدات وأجهزة الملاحة,834493,بيع أجهزة القياس والرقابة ومعدات وأجهزة الملاحة
591102,افلام وبرامج الفيديو,1774,افلام وبرامج الفيديو
382201,تشغيل مرافق معالجة النفايات الخطرة,812986,تشغيل مرافق معالجة النفايات الخطرة
433024,تركيب المظلات والسواتر,835965,تركيب المظلات والسواتر
466351,البيع بالجملة للأصباغ والورنيش,849774,البيع بالجملة للأصباغ والورنيش
239534,صناعة الخلطات الخرسانية الجاهزة والجافة متعددة الاستخدامات,852791,صناعة الخلطات الخرسانية الجاهزة والجافة متعددة الاستخدامات
477318,بيع أدوات ومعدات خدمات الطرق,834495,بيع أدوات ومعدات خدمات الطرق
464951,البيع بالجملة للسلع الصيدلانيه,1629,البيع بالجملة للسلع الصيدلانيه
952920,إصلاح وتعديل المجوهرات,834559,إصلاح وتعديل المجوهرات
712010,أنشطة الاختبارات والتحليل الفيزيائي,1806,أنشطة الاختبارات والتحليل الفيزيائي
477336,البيع بالتجزئة للأجهزة الأمنية,843461,البيع بالتجزئة للأجهزة الأمنية
242042,صهر ودرفلة وسحب وتنقية وسبك الألمنيوم وخلائطه,1489,صهر ودرفلة وسحب وتنقية وسبك الألمنيوم وخلائطه
581904,نشر الصور والأشكال المحفورة,858337,نشر الصور والأشكال المحفورة
602032,أنشطة برمجة اشتراك القنوات,857317,أنشطة برمجة اشتراك القنوات
461041,وكلاء البيع في الأدوية,827757,وكلاء البيع في الأدوية
310010,صناعة الأثاث والموبيليا من الخشب,1509,صناعة الأثاث والموبيليا من الخشب
691020,أنشطة التوثيق العام,1222,أنشطة التوثيق العام
