هوية المراقب,اسم المراقب,رقم هاتف المراقب
1074059253,السيد سلطان آل خضير,0576276072
1198486416,قطب آل حسين,0573001391
1267429212,الدكتور قبس آل صفوان,0593002706
1346078411,رفيق مهنا,0525898299
1632880459,أفنان العجلان,0548163378
1647812758,ريم آل رفيع,0584903294
1780520225,الدكتورة باسمة آل قصير,0531079846
1820581106,المهندسة بنفسج آل قصير,0546540265
1822662216,نزار المهنا,0540725714
1851819913,الأستاذة ربى العجلان,0593893865
1918920620,كرمة آل صفوان,0565857931
1939915527,إباء آل عواض,0563782042
1990153355,أغاريد آل خضير,0591029073
2024542722,عصمت آل بن لافي,0514380847
2043030161,ابتكار آل الشيخ,0589160218
2062073697,الدكتورة فرات المهيدب,0589699989
2263732197,الآنسة لوليا آل عواض,0568755000
2272368870,الدكتورة نوف آل سعود,0587342561
2298229437,السيد لقمان المهيدب,0533513701
2333241445,السيد رجاء آل حسين,0511646234
2335901990,المهندس روحي بقشان,0570939053
2355268102,كاظم بقشان,0513471527
2395925222,قائد بن لادن,0568942178
2405969000,المهندس شعبان آل معيض,0533328859
2444812497,سراج الدّين المهنا,0548736657
2549972386,المهندس قطز مهنا,0515399803
2584392711,الأستاذ نافذ آل حسين,0548668783
2716495971,جلنار كانو,0543887075
2840877826,الدكتورة فرات الدباغ,0598641164
2889238423,الآنسة ألين آل رفيع,0585543051
2936179853,بشرى شربتلي,0551286958
2995226582,عفيف الخرافي,0576001106
3019952485,المهندس خافق آل صفوان,0564830300
3048612358,جود آل بن لافي,0561053474
3085816511,ضياء كانو,0550987442
3094011037,المهندس زغلول آل بن ظافر,0526690465
3096929657,ناردين حجار,0588990506
3105400301,بارعة آل سعود,0596924061
3294043548,غالب آل جعفر,0537888820
3387104291,الأستاذ فداء المهيدب,0564023778
3394039673,إلينا آل علي,0519943140
3472487690,قنوع آل معيض,0534744872
3485432021,الأستاذ رؤوف الدباغ,0519553585
3668616333,الأستاذ يحيى المهنا,0549092160
3829742424,آيات آل صفوان,0575884623
3847562279,المهندس ظاهر العقيل,0538323322
3901796894,راغب آل علي,0549209916
3953315788,ابتكار حجار,0574119726
3964229896,السيد حفيظ الراشد,0522257687
4085320828,الأستاذ خليل مهنا,0547945817
4097892639,الدكتورة روعة الراشد,0543603811
4110335359,فؤاد آل العسكري,0518083974
4160930353,الأستاذة لاما بن لادن,0595613415
4228856718,هيام الراشد,0530364454
4300636585,الأستاذ حقّي كانو,0569118721
4459716271,المهندسة هدى آل خضير,0598742485
4464161270,الآنسة زكية الجفالي,0587049595
4576111591,عتاب أبو داوود,0546173157
4585915088,المهندس مُتولي العقيل,0510359129
4604460472,الأستاذة ترانيم آل مقطة,0573070585
4803044105,الدكتور سموح العجلان,0525312516
4856070374,المهندس هلال آل صفوان,0549910061
4949401194,طارق آل جعفر,0523318904
5014170428,الدكتورة أفنان آل الشيخ,0532269779
5070585433,يعقوب العقيل,0541068214
5211261115,عدلي المشاولة,0512784407
5471357886,نور الحقّ آل علي,0536550845
5816198518,جمان فصيل,0587446468
5838636972,عربي آل مقطة,0573149551
5952059278,بتلاء آل خضير,0529997018
6197695041,جلاء آل معيض,0516109013
6302109556,كاظم الحكير,0521432787
6322520473,الدكتورة جنى آل سعود,0530024960
6339955011,المهندس فتوح أبا الخيل,0520796722
6404582459,سبأ آل بن ظافر,0572907576
6412330148,الدكتور نور الشايع,0542194159
6467215542,الأستاذة نغم آل عطفة,0567556566
6611903015,عبد الجبّار آل عايض,0553261270
6679017210,الدكتور ساجي آل خضير,0517318358
6737421496,المهندسة جوليا المهيدب,0543311626
6771394050,المهندس عمّار آل معيض,0515350023
6879898071,الدكتور جعفر كانو,0590267122
6906898409,جود آل محمد بن علي بن جماز,0545507920
6944142262,الدكتورة بهجة الحجار,0516895666
6965096268,كوثر المغاولة,0586320155
7040562787,الدكتور مؤيّد آل العسكري,0577172238
7076811348,الآنسة حلا المشاولة,0591378577
7105574449,راغب آل قصير,0531009452
7192423780,محمود آل بن ظافر,0584270583
7228002201,بلقيس آل قصير,0517195288
7243788374,المهندسة ريتال آل العسكري,0518004482
7247886041,الأستاذة ابتهاج الشايع,0584087145
7250964836,السيد ذكي آل عواض,0555728776
7291584955,ميار العليان,0519584466
7296096954,الأستاذ عتيق شربتلي,0590010790
7490442894,الأستاذ وجدي آل عطفة,0526948946
7583090712,بشرى الجفالي,0567061186
7658867789,عبد العليم الجفالي,0567985905
7767538527,رشيد الحجار,0580138498
7839626408,أناهيد آل حسين,0518004482
7858164010,روعة كانو,0588802305
7954672204,الدكتورة دانة آل سلطان,0523769080
8076144396,ناردين آل الشيخ,0540173413
8088660633,السيد عبد الغني حجار,0545652586
8136179811,ظريف الحجار,0525405014
8164814926,المهندسة أجوان آل رفيع,0586397676
8352307139,السيد مؤنس كانو,0582475098
8359619163,الدكتور محمود حجار,0550780112
8467250120,السيد مرتضي آل جعفر,0587201917
8518238399,بهجة الشايع,0589865458
8622026979,السيد صباح مهنا,0529090631
8638257497,الدكتورة هاجر آل عواض,0518770247
8722962486,الآنسة جوريّة آل عواض,0593352876
8872207630,عماد العليان,0540291214
8884394611,نعمان آل سعود,0569421007
8904911624,الدكتور تقيّ الدّين آل جعفر,0591823275
8995059760,السيدة لوجين آل سلطان,0594482772
9018065507,الآنسة ايمان آل بن لافي,0520896797
9072992279,حمزة فصيل,0520075036
9074999565,جلنار مهنا,0550814428
9190197115,السيد مُتولي آل علي,0593955206
9284507318,جيلان آل علي,0541329612
9344011888,الأستاذ رابح العليان,0570467027
9383431259,الآنسة شادن آل محمد بن علي بن جماز,0570465583
9520940324,زهرة بقشان,0574251933
9886101513,بهاء الشايع,0583089925
9950486177,الأستاذة افتكار آل خضير,0545520201
